1,FEC ID,STATE,STATE ABBREVIATION,GENERAL ELECTION DATE,FIRST NAME,LAST NAME,"LAST NAME,  FIRST",TOTAL VOTES,PARTY,GENERAL RESULTS,TOTAL VOTES #,GENERAL %,WINNER INDICATOR
2,P80001571,Alabama,AL,08/11/2016,Donald J.,Trump,"Trump, Donald J.",,REP,"1,318,255",,62.08%,W
3,P00003392,Alabama,AL,08/11/2016,Hillary,Clinton,"Clinton, Hillary",,DEM,"729,547",,34.36%,
4,P20002671,Alabama,AL,08/11/2016,Gary,Johnson,"Johnson, Gary",,IND,"44,467",,2.09%,
5,n/a,Alabama,AL,08/11/2016,,Scattered,"Scattered, ",,W,"21,712",,1.02%,
6,P20003984,Alabama,AL,08/11/2016,Jill,Stein,"Stein, Jill",,IND,"9,391",,0.44%,
7,n/a,Alabama,AL,08/11/2016,,,,Total State Votes:,,,"2,123,372",,
8,n/a,Alabama,AL,08/11/2016,,,,,,,,,
9,P80001571,Alaska,AK,08/11/2016,Donald J.,Trump,"Trump, Donald J.",,REP,"163,387",,51.28%,W
10,P00003392,Alaska,AK,08/11/2016,Hillary,Clinton,"Clinton, Hillary",,DEM,"116,454",,36.55%,
11,P20002671,Alaska,AK,08/11/2016,Gary,Johnson,"Johnson, Gary",,LIB,"18,725",,5.88%,
12,n/a,Alaska,AK,08/11/2016,,Scattered,Scattered,,W,"9,201",,2.89%,
13,P20003984,Alaska,AK,08/11/2016,Jill,Stein,"Stein, Jill",,GRE,"5,735",,1.80%,
14,P60021102,Alaska,AK,08/11/2016,Darrell L.,Castle,"Castle, Darrell L.",,CON,"3,866",,1.21%,
15,P60016342,Alaska,AK,08/11/2016,Roque,De La Fuente,"De La Fuente, Roque",,NAF,"1,240",,0.39%,
16,n/a,Alaska,AK,08/11/2016,,,,Total State Votes:,,,"318,608",,
17,n/a,Alaska,AK,08/11/2016,,,,,,,,,
18,P80001571,Arizona,AZ,08/11/2016,Donald J.,Trump,"Trump, Donald J.",,REP,"1,252,401",,48.67%,W
19,P00003392,Arizona,AZ,08/11/2016,Hillary,Clinton,"Clinton, Hillary",,DEM,"1,161,167",,45.13%,
20,P20002671,Arizona,AZ,08/11/2016,Gary,Johnson,"Johnson, Gary",,LIB,"106,327",,4.13%,
21,P20003984,Arizona,AZ,08/11/2016,Jill,Stein,"Stein, Jill",,GRE,"34,345",,1.33%,
22,P60022654,Arizona,AZ,08/11/2016,Evan,McMullin,"McMullin, Evan",,W,"17,449",,0.68%,
23,P60021102,Arizona,AZ,08/11/2016,Darrell ,Castle,"Castle, Darrell ",,W,"1,058",,0.04%,
24,P20005260,Arizona,AZ,08/11/2016,Tom ,Hoefling,"Hoefling, Tom ",,W,85,,0.00%,
25,P60016623,Arizona,AZ,08/11/2016,Mike,Smith,"Smith, Mike",,W,62,,0.00%,
26,P60020757,Arizona,AZ,08/11/2016,Robert L.,Buchanan,"Buchanan, Robert L.",,W,56,,0.00%,
27,P20004511,Arizona,AZ,08/11/2016,Laurence,Kotlikoff,"Kotlikoff, Laurence",,W,52,,0.00%,
28,P80000268,Arizona,AZ,08/11/2016,Willie Felix,Carter,"Carter, Willie Felix",,DEM,42,,0.00%,
29,P60016342,Arizona,AZ,08/11/2016,"""Rocky"" Roque",De La Fuente,"De La Fuente, ""Rocky"" Roque",,W,29,,0.00%,
30,P60023322,Arizona,AZ,08/11/2016,Mitchell,In-Albon,"In-Albon, Mitchell",,W,24,,0.00%,
31,P60018249,Arizona,AZ,08/11/2016,Joseph,Maldonado,"Maldonado, Joseph",,W,20,,0.00%,
32,P60005303,Arizona,AZ,08/11/2016,Cherunda,Fox,"Fox, Cherunda",,W,14,,0.00%,
33,P20002630,Arizona,AZ,08/11/2016,"Sheila ""Samm""",Tittle,"Tittle, Sheila ""Samm""",,W,12,,0.00%,
34,n/a,Arizona,AZ,08/11/2016,Ben,Hartnell,"Hartnell, Ben",,W,11,,0.00%,
35,n/a,Arizona,AZ,08/11/2016,Marshall,Schoenke,"Schoenke, Marshall",,W,4,,0.00%,
36,P60021631,Arizona,AZ,08/11/2016,Delano,Steinacker,"Steinacker, Delano",,W,4,,0.00%,
37,n/a,Arizona,AZ,08/11/2016,Michael,Corsetti,"Corsetti, Michael",,W,3,,0.00%,
38,n/a,Arizona,AZ,08/11/2016,,,,Total State Votes:,,,"2,573,165",,
39,n/a,Arizona,AZ,08/11/2016,,,,,,,,,
40,P80001571,Arkansas,AR,08/11/2016,Donald J.,Trump,"Trump, Donald J.",,REP,"684,872",,60.57%,W
41,P00003392,Arkansas,AR,08/11/2016,Hillary,Clinton,"Clinton, Hillary",,DEM,"380,494",,33.65%,
42,P20002671,Arkansas,AR,08/11/2016,Gary,Johnson,"Johnson, Gary",,LIB,"29,949",,2.65%,
43,P60022654,Arkansas,AR,08/11/2016,Evan ,McMullin,"McMullin, Evan ",,BFA,"13,176",,1.17%,
44,P20003984,Arkansas,AR,08/11/2016,Jill,Stein,"Stein, Jill",,GRE,"9,473",,0.84%,
45,P60017340,Arkansas,AR,08/11/2016,Jim,Hedges,"Hedges, Jim",,IND,"4,709",,0.42%,
46,P60021102,Arkansas,AR,08/11/2016,Darrell L.,Castle,"Castle, Darrell L.",,CON,"4,613",,0.41%,
47,P60005808,Arkansas,AR,08/11/2016,Lynn S.,Kahn,"Kahn, Lynn S.",,IND,"3,390",,0.30%,
48,n/a,Arkansas,AR,08/11/2016,,,,Total State Votes:,,,"1,130,676",,
49,n/a,Arkansas,AR,08/11/2016,,,,,,,,,
50,P00003392,California,CA,08/11/2016,Hillary,Clinton,"Clinton, Hillary",,DEM,"8,753,792",,61.73%,W
51,P80001571,California,CA,08/11/2016,Donald J.,Trump,"Trump, Donald J.",,REP/AIP,"4,483,814",,31.62%,
52,P20002671,California,CA,08/11/2016,Gary,Johnson,"Johnson, Gary",,LIB,"478,500",,3.37%,
53,P20003984,California,CA,08/11/2016,Jill,Stein,"Stein, Jill",,GRE,"278,658",,1.96%,
54,P60007168,California,CA,08/11/2016,"Bernard ""Bernie""",Sanders,"Sanders, Bernard ""Bernie""",,W,"79,341",,0.56%,
55,P80005572,California,CA,08/11/2016,Gloria Estela,La Riva,"La Riva, Gloria Estela",,PAF,"66,101",,0.47%,
56,P60022654,California,CA,08/11/2016,Evan ,McMullin,"McMullin, Evan ",,W,"39,596",,0.28%,
57,P60022787,California,CA,08/11/2016,Mike,Maturen,"Maturen, Mike",,W,"1,316",,0.01%,
58,P20004511,California,CA,08/11/2016,Laurence,Kotlikoff,"Kotlikoff, Laurence",,W,402,,0.00%,
59,P20004677,California,CA,08/11/2016,Jerry,White,"White, Jerry",,W,84,,0.00%,
60,n/a,California,CA,08/11/2016,,,,Total State Votes:,,,"14,181,604",,
61,n/a,California,CA,08/11/2016,,,,,,,,,
62,P00003392,Colorado,CO,08/11/2016,Hillary,Clinton,"Clinton, Hillary",,DEM,"1,338,870",,48.16%,W
63,P80001571,Colorado,CO,08/11/2016,Donald J.,Trump,"Trump, Donald J.",,REP,"1,202,484",,43.25%,
64,P20002671,Colorado,CO,08/11/2016,Gary,Johnson,"Johnson, Gary",,LIB,"144,121",,5.18%,
65,P20003984,Colorado,CO,08/11/2016,Jill,Stein,"Stein, Jill",,GRE,"38,437",,1.38%,
66,P60022654,Colorado,CO,08/11/2016,Evan,McMullin,"McMullin, Evan",,UN,"28,917",,1.04%,
67,P60021102,Colorado,CO,08/11/2016,Darrell L.,Castle,"Castle, Darrell L.",,AMC,"11,699",,0.42%,
68,P60009917,Colorado,CO,08/11/2016,Chris,Keniston,"Keniston, Chris",,VPA,"5,028",,0.18%,
69,P60016623,Colorado,CO,08/11/2016,Mike,Smith,"Smith, Mike",,UN,"1,819",,0.07%,
70,P60016342,Colorado,CO,08/11/2016,"""Rocky"" Roque",De La Fuente,"De La Fuente, ""Rocky"" Roque",,W,"1,255",,0.05%,
71,P60015419,Colorado,CO,08/11/2016,Kyle Kenley,Kopitke,"Kopitke, Kyle Kenley",,IAP,"1,096",,0.04%,
72,P60018249,Colorado,CO,08/11/2016,Joseph Allen,Maldonado,"Maldonado, Joseph Allen",,IPC,872,,0.03%,
73,P60022787,Colorado,CO,08/11/2016,Michael A.,Maturen,"Maturen, Michael A.",,ASP,862,,0.03%,
74,P60017035,Colorado,CO,08/11/2016,Rod,Silva,"Silva, Rod",,NTP,751,,0.03%,
75,n/a,Colorado,CO,08/11/2016,Ryan Alan,Scott,"Scott, Ryan Alan",,UN,749,,0.03%,
76,P20005260,Colorado,CO,08/11/2016,Tom ,Hoefling,"Hoefling, Tom ",,AMP,710,,0.03%,
77,P80005572,Colorado,CO,08/11/2016,Gloria Estela,La Riva,"La Riva, Gloria Estela",,SLP,531,,0.02%,
78,P80005473,Colorado,CO,08/11/2016,Alyson,Kennedy,"Kennedy, Alyson",,SWP,452,,0.02%,
79,P20004511,Colorado,CO,08/11/2016,Laurence,Kotlikoff,"Kotlikoff, Laurence",,KFP,392,,0.01%,
80,P60023504,Colorado,CO,08/11/2016,Bradford,Lyttle,"Lyttle, Bradford",,NRP,382,,0.01%,
81,P60023496,Colorado,CO,08/11/2016,Frank,Atwood,"Atwood, Frank",,APV,337,,0.01%,
82,P60018017,Colorado,CO,08/11/2016,Emidio,Soltysik,"Soltysik, Emidio",,SOC,271,,0.01%,
83,P60017340,Colorado,CO,08/11/2016,James,Hedges,"Hedges, James",,P,185,,0.01%,
84,n/a,Colorado,CO,08/11/2016,David,Perry,"Perry, David",,W,11,,0.00%,
85,n/a,Colorado,CO,08/11/2016,Corey,Sterner,"Sterner, Corey",,W,6,,0.00%,
86,P60020617,Colorado,CO,08/11/2016,Brian Anthony,Perry,"Perry, Brian Anthony",,W,4,,0.00%,
87,n/a,Colorado,CO,08/11/2016,Bruce,Lohmiller,"Lohmiller, Bruce",,W,3,,0.00%,
88,P60005303,Colorado,CO,08/11/2016,Cherunda,Fox,"Fox, Cherunda",,W,2,,0.00%,
89,n/a,Colorado,CO,08/11/2016,Thomas J.,Nieman,"Nieman, Thomas J.",,W,1,,0.00%,
90,n/a,Colorado,CO,08/11/2016,,,,Total State Votes:,,,"2,780,247",,
91,n/a,Colorado,CO,08/11/2016,,,,,,,,,
92,P00003392,Connecticut,CT,08/11/2016,Hillary,Clinton,"Clinton, Hillary",,DEM,"897,572",,54.57%,W
93,P80001571,Connecticut,CT,08/11/2016,Donald J.,Trump,"Trump, Donald J.",,REP,"673,215",,40.93%,
94,P20002671,Connecticut,CT,08/11/2016,Gary,Johnson,"Johnson, Gary",,LIB,"48,676",,2.96%,
95,P20003984,Connecticut,CT,08/11/2016,Jill,Stein,"Stein, Jill",,GRE,"22,841",,1.39%,
96,P60022654,Connecticut,CT,08/11/2016,Evan ,McMullin,"McMullin, Evan ",,W,"2,108",,0.13%,
97,P60021102,Connecticut,CT,08/11/2016,Darrell L.,Castle,"Castle, Darrell L.",,W,147,,0.01%,
98,n/a,Connecticut,CT,08/11/2016,Jeffrey A.,Cooper,"Cooper, Jeffrey A.",,W,57,,0.00%,
99,n/a,Connecticut,CT,08/11/2016,Ronald,Evans,"Evans, Ronald",,W,44,,0.00%,
100,P60015351,Connecticut,CT,08/11/2016,Andrew D. ,Basiago,"Basiago, Andrew D. ",,W,42,,0.00%,
101,P80005572,Connecticut,CT,08/11/2016,Gloria,La Riva,"La Riva, Gloria",,W,41,,0.00%,
102,P20005260,Connecticut,CT,08/11/2016,Tom ,Hoefling,"Hoefling, Tom ",,W,31,,0.00%,
103,P20004511,Connecticut,CT,08/11/2016,Laurence,Kotlikoff,"Kotlikoff, Laurence",,W,23,,0.00%,
104,P60020757,Connecticut,CT,08/11/2016,Robert L.,Buchanan,"Buchanan, Robert L.",,W,19,,0.00%,
105,n/a,Connecticut,CT,08/11/2016,Jeffrey Anthony,Wu,"Wu, Jeffrey Anthony",,W,18,,0.00%,
106,n/a,Connecticut,CT,08/11/2016,Marshall,Schoenke,"Schoenke, Marshall",,W,15,,0.00%,
107,P60006673,Connecticut,CT,08/11/2016,Kevin,Deame,"Deame, Kevin",,W,13,,0.00%,
108,n/a,Connecticut,CT,08/11/2016,Paul E.,Blumenthal,"Blumenthal, Paul E.",,W,12,,0.00%,
109,P60016342,Connecticut,CT,08/11/2016,"""Rocky"" Roque",De La Fuente,"De La Fuente, ""Rocky"" Roque",,W,12,,0.00%,
110,P60016623,Connecticut,CT,08/11/2016,Mike,Smith,"Smith, Mike",,W,12,,0.00%,
111,n/a,Connecticut,CT,08/11/2016,"Jeffrey John, Jr.",Klojzy,"Klojzy, Jeffrey John, Jr.",,W,6,,0.00%,
112,n/a,Connecticut,CT,08/11/2016,Darryl,Cummings,"Cummings, Darryl",,W,5,,0.00%,
113,P60018249,Connecticut,CT,08/11/2016,Joseph,Maldonado,"Maldonado, Joseph",,W,4,,0.00%,
114,P60012960,Connecticut,CT,08/11/2016,Peter,Skewes,"Skewes, Peter",,W,4,,0.00%,
115,P60005303,Connecticut,CT,08/11/2016,Cherunda,Fox,"Fox, Cherunda",,W,3,,0.00%,
116,n/a,Connecticut,CT,08/11/2016,,,,Total State Votes:,,,"1,644,920",,
117,n/a,Connecticut,CT,08/11/2016,,,,,,,,,
118,P00003392,Delaware,DE,08/11/2016,Hillary,Clinton,"Clinton, Hillary",,DEM,"235,603",,53.09%,W
119,P80001571,Delaware,DE,08/11/2016,Donald J.,Trump,"Trump, Donald J.",,REP,"185,127",,41.71%,
120,P20002671,Delaware,DE,08/11/2016,Gary,Johnson,"Johnson, Gary",,LIB,"14,757",,3.33%,
121,P20003984,Delaware,DE,08/11/2016,Jill,Stein,"Stein, Jill",,GRE,"6,103",,1.38%,
122,n/a,Delaware,DE,08/11/2016,,Other,Other,,W,"1,407",,0.32%,
123,P60022654,Delaware,DE,08/11/2016,Evan,McMullin,"McMullin, Evan",,W,706,,0.16%,
124,P60021102,Delaware,DE,08/11/2016,Darrell L.,Castle,"Castle, Darrell L.",,W,74,,0.02%,
125,P20005260,Delaware,DE,08/11/2016,Thomas Conrad,Hoefling,"Hoefling, Thomas Conrad",,W,7,,0.00%,
126,P60020757,Delaware,DE,08/11/2016,Robert L.,Buchanan,"Buchanan, Robert L.",,W,4,,0.00%,
127,P60016342,Delaware,DE,08/11/2016,"""Rocky"" Roque",De La Fuente,"De La Fuente, ""Rocky"" Roque",,W,3,,0.00%,
128,n/a,Delaware,DE,08/11/2016,Benjamin,Hartnell,"Hartnell, Benjamin",,W,3,,0.00%,
129,P80005572,Delaware,DE,08/11/2016,Gloria,LaRiva,"LaRiva, Gloria",,W,3,,0.00%,
130,n/a,Delaware,DE,08/11/2016,David,Limbaugh,"Limbaugh, David",,W,3,,0.00%,
131,P60016623,Delaware,DE,08/11/2016,Mike,Smith,"Smith, Mike",,W,3,,0.00%,
132,n/a,Delaware,DE,08/11/2016,Ryan Alan,Scott,"Scott, Ryan Alan",,W,2,,0.00%,
133,P20004677,Delaware,DE,08/11/2016,Jerry,White,"White, Jerry",,W,2,,0.00%,
134,n/a,Delaware,DE,08/11/2016,Richard,Duncan,"Duncan, Richard",,W,1,,0.00%,
135,P60005808,Delaware,DE,08/11/2016,Lynn,Kahn,"Kahn, Lynn",,W,1,,0.00%,
136,P80004989,Delaware,DE,08/11/2016,Star,Locke,"Locke, Star",,W,1,,0.00%,
137,P60018249,Delaware,DE,08/11/2016,Joseph A.,Maldonado,"Maldonado, Joseph A.",,W,1,,0.00%,
138,P60004868,Delaware,DE,08/11/2016,Darryl W.,Perry,"Perry, Darryl W.",,W,1,,0.00%,
139,P60020963,Delaware,DE,08/11/2016,Ajay,Sood,"Sood, Ajay",,W,1,,0.00%,
140,n/a,Delaware,DE,08/11/2016,Matthew Water,Stout,"Stout, Matthew Water",,W,1,,0.00%,
141,n/a,Delaware,DE,08/11/2016,,,,Total State Votes:,,,"443,814",,
142,n/a,Delaware,DE,08/11/2016,,,,,,,,,
143,P00003392,District of Columbia,DC,08/11/2016,Hillary,Clinton,"Clinton, Hillary",,DEM,"282,830",,90.86%,W
144,P80001571,District of Columbia,DC,08/11/2016,Donald J.,Trump,"Trump, Donald J.",,REP,"12,723",,4.09%,
145,n/a,District of Columbia,DC,08/11/2016,,Scattered,Scattered,,W,"6,551",,2.10%,
146,P20002671,District of Columbia,DC,08/11/2016,Gary,Johnson,"Johnson, Gary",,LIB,"4,906",,1.58%,
147,P20003984,District of Columbia,DC,08/11/2016,Jill,Stein,"Stein, Jill",,STG,"4,258",,1.37%,
148,n/a,District of Columbia,DC,08/11/2016,,,,Total State Votes:,,,"311,268",,
149,n/a,District of Columbia,DC,08/11/2016,,,,,,,,,
150,P80001571,Florida,FL,08/11/2016,Donald J.,Trump,"Trump, Donald J.",,REP,"4,617,886",,49.02%,W
151,P00003392,Florida,FL,08/11/2016,Hillary,Clinton,"Clinton, Hillary",,DEM,"4,504,975",,47.82%,
152,P20002671,Florida,FL,08/11/2016,Gary,Johnson,"Johnson, Gary",,LBF,"207,043",,2.20%,
153,P20003984,Florida,FL,08/11/2016,Jill,Stein,"Stein, Jill",,GPF,"64,399",,0.68%,
154,P60021102,Florida,FL,08/11/2016,Darrell L.,Castle,"Castle, Darrell L.",,CPF,"16,475",,0.17%,
155,P60016342,Florida,FL,08/11/2016,Roque (Rocky),De La Fuente,"De La Fuente, Roque (Rocky)",,RPF,"9,108",,0.10%,
156,P20004511,Florida,FL,08/11/2016,Laurence J.,Kotlikoff,"Kotlikoff, Laurence J.",,W,74,,0.00%,
157,n/a,Florida,FL,08/11/2016,Richard,Duncan,"Duncan, Richard",,W,25,,0.00%,
158,P60015351,Florida,FL,08/11/2016,Andrew D.,Basiago,"Basiago, Andrew D.",,W,24,,0.00%,
159,P60008190,Florida,FL,08/11/2016,Zoltan Istvan,Gyurko,"Gyurko, Zoltan Istvan",,W,19,,0.00%,
160,n/a,Florida,FL,08/11/2016,"Anthony ""Tony"" Joseph",Valdivia,"Valdivia, Anthony ""Tony"" Joseph",,W,9,,0.00%,
161,P60005303,Florida,FL,08/11/2016,Cherunda,Fox,"Fox, Cherunda",,W,2,,0.00%,
162,n/a,Florida,FL,08/11/2016,,,,Total State Votes:,,,"9,420,039",,
163,n/a,Florida,FL,08/11/2016,,,,,,,,,
164,P80001571,Georgia,GA,08/11/2016,Donald J.,Trump,"Trump, Donald J.",,REP,"2,089,104",,50.77%,W
165,P00003392,Georgia,GA,08/11/2016,Hillary,Clinton,"Clinton, Hillary",,DEM,"1,877,963",,45.64%,
166,P20002671,Georgia,GA,08/11/2016,Gary,Johnson,"Johnson, Gary",,LIB,"125,306",,3.05%,
167,P60022654,Georgia,GA,08/11/2016,Evan,McMullin,"McMullin, Evan",,W,"13,017",,0.32%,
168,P20003984,Georgia,GA,08/11/2016,Jill,Stein,"Stein, Jill",,W,"7,674",,0.19%,
169,P60021102,Georgia,GA,08/11/2016,Darrell,Castle,"Castle, Darrell",,W,"1,110",,0.03%,
170,P60022787,Georgia,GA,08/11/2016,Mike,Maturen,"Maturen, Mike",,W,151,,0.00%,
171,P60005303,Georgia,GA,08/11/2016,Cherunda,Fox,"Fox, Cherunda",,W,78,,0.00%,
172,P20005260,Georgia,GA,08/11/2016,Thomas,Hoefling,"Hoefling, Thomas",,W,70,,0.00%,
173,P60016623,Georgia,GA,08/11/2016,Michael L.,Smith,"Smith, Michael L.",,W,53,,0.00%,
174,P20004511,Georgia,GA,08/11/2016,Laurence,Kotlikoff,"Kotlikoff, Laurence",,W,34,,0.00%,
175,n/a,Georgia,GA,08/11/2016,Sandra,Wilson,"Wilson, Sandra",,W,32,,0.00%,
176,P60020757,Georgia,GA,08/11/2016,Robert,Buchanan,"Buchanan, Robert",,W,31,,0.00%,
177,n/a,Georgia,GA,08/11/2016,Ricky,Muhammad,"Muhammad, Ricky",,W,30,,0.00%,
178,P60023207,Georgia,GA,08/11/2016,Scott,Cubbler,"Cubbler, Scott",,W,24,,0.00%,
179,n/a,Georgia,GA,08/11/2016,Loren,Collins,"Collins, Loren",,W,22,,0.00%,
180,P80003643,Georgia,GA,08/11/2016,Claire Elisabeth,Elliott,"Elliott, Claire Elisabeth",,W,15,,0.00%,
181,n/a,Georgia,GA,08/11/2016,David C.,Byrne,"Byrne, David C.",,W,8,,0.00%,
182,n/a,Georgia,GA,08/11/2016,Stephen L.,Allen,"Allen, Stephen L.",,W,5,,0.00%,
183,n/a,Georgia,GA,08/11/2016,Marc,Urbach,"Urbach, Marc",,W,5,,0.00%,
184,n/a,Georgia,GA,08/11/2016,,,,Total State Votes:,,,"4,114,732",,
185,n/a,Georgia,GA,08/11/2016,,,,,,,,,
186,P00003392,Hawaii,HI,08/11/2016,Hillary,Clinton,"Clinton, Hillary",,DEM,"266,891",,62.22%,W
187,P80001571,Hawaii,HI,08/11/2016,Donald J.,Trump,"Trump, Donald J.",,REP,"128,847",,30.04%,
188,P20002671,Hawaii,HI,08/11/2016,Gary,Johnson,"Johnson, Gary",,LIB,"15,954",,3.72%,
189,P20003984,Hawaii,HI,08/11/2016,Jill,Stein,"Stein, Jill",,GRE,"12,737",,2.97%,
190,P60021102,Hawaii,HI,08/11/2016,Darrell L.,Castle,"Castle, Darrell L.",,CON,"4,508",,1.05%,
191,n/a,Hawaii,HI,08/11/2016,,,,Total State Votes:,,,"428,937",,
192,n/a,Hawaii,HI,08/11/2016,,,,,,,,,
193,P80001571,Idaho,ID,08/11/2016,Donald J.,Trump,"Trump, Donald J.",,REP,"409,055",,59.26%,W
194,P00003392,Idaho,ID,08/11/2016,Hillary Rodham,Clinton,"Clinton, Hillary Rodham",,DEM,"189,765",,27.49%,
195,P60022654,Idaho,ID,08/11/2016,Evan,McMullin,"McMullin, Evan",,IND,"46,476",,6.73%,
196,P20002671,Idaho,ID,08/11/2016,Gary,Johnson,"Johnson, Gary",,LIB,"28,331",,4.10%,
197,P20003984,Idaho,ID,08/11/2016,Jill,Stein,"Stein, Jill",,IND,"8,496",,1.23%,
198,P60021102,Idaho,ID,08/11/2016,Darrell L.,Castle,"Castle, Darrell L.",,IND,"4,403",,0.64%,
199,P60007457,Idaho,ID,08/11/2016,Scott,Copeland,"Copeland, Scott",,CON,"2,356",,0.34%,
200,P60016342,Idaho,ID,08/11/2016,Rocky,De La Fuente,"De La Fuente, Rocky",,IND,"1,373",,0.20%,
201,n/a,Idaho,ID,08/11/2016,,,,Total State Votes:,,,"690,255",,
202,n/a,Idaho,ID,08/11/2016,,,,,,,,,
203,P00003392,Illinois,IL,08/11/2016,Hillary Rodham,Clinton,"Clinton, Hillary Rodham",,DEM,"3,090,729",,55.83%,W
204,P80001571,Illinois,IL,08/11/2016,Donald J.,Trump,"Trump, Donald J.",,REP,"2,146,015",,38.76%,
205,P20002671,Illinois,IL,08/11/2016,Gary,Johnson,"Johnson, Gary",,LIB,"209,596",,3.79%,
206,P20003984,Illinois,IL,08/11/2016,Jill,Stein,"Stein, Jill",,GRE,"76,802",,1.39%,
207,P60022654,Illinois,IL,08/11/2016,Evan,McMullin,"McMullin, Evan",,W,"11,655",,0.21%,
208,P60021102,Illinois,IL,08/11/2016,Darrell,Castle,"Castle, Darrell",,W,"1,138",,0.02%,
209,P20005260,Illinois,IL,08/11/2016,Tom ,Hoefling,"Hoefling, Tom ",,W,175,,0.00%,
210,P20004511,Illinois,IL,08/11/2016,Laurence,Kotlikoff,"Kotlikoff, Laurence",,W,82,,0.00%,
211,n/a,Illinois,IL,08/11/2016,James,Anderson,"Anderson, James",,W,61,,0.00%,
212,n/a,Illinois,IL,08/11/2016,Phillip,Seeberg,"Seeberg, Phillip",,W,27,,0.00%,
213,n/a,Illinois,IL,08/11/2016,Marshall Roy,Schoenke,"Schoenke, Marshall Roy",,W,25,,0.00%,
214,n/a,Illinois,IL,08/11/2016,Kevin,McKee,"McKee, Kevin",,W,24,,0.00%,
215,P60018249,Illinois,IL,08/11/2016,Joseph A. ,Maldonado,"Maldonado, Joseph A. ",,W,20,,0.00%,
216,P60023686,Illinois,IL,08/11/2016,Joann,Breivogel,"Breivogel, Joann",,W,12,,0.00%,
217,P60019114,Illinois,IL,08/11/2016,Laio,Morris,"Morris, Laio",,W,10,,0.00%,
218,n/a,Illinois,IL,08/11/2016,David G.,Stack,"Stack, David G.",,W,10,,0.00%,
219,n/a,Illinois,IL,08/11/2016,Matthew ,Roberts,"Roberts, Matthew ",,W,8,,0.00%,
220,n/a,Illinois,IL,08/11/2016,Jonathan ,Lee,"Lee, Jonathan ",,W,7,,0.00%,
221,n/a,Illinois,IL,08/11/2016,Ben,Hartnell,"Hartnell, Ben",,W,6,,0.00%,
222,n/a,Illinois,IL,08/11/2016,Author C.,Brumfield,"Brumfield, Author C.",,W,5,,0.00%,
223,n/a,Illinois,IL,08/11/2016,Duff Cooper,Smith,"Smith, Duff Cooper",,W,4,,0.00%,
224,P60005303,Illinois,IL,08/11/2016,Cherunda,Fox,"Fox, Cherunda",,W,3,,0.00%,
225,n/a,Illinois,IL,08/11/2016,Timothy B.,Meluch,"Meluch, Timothy B.",,W,3,,0.00%,
226,n/a,Illinois,IL,08/11/2016,Roy Wayne,Tyree,"Tyree, Roy Wayne",,W,3,,0.00%,
227,n/a,Illinois,IL,08/11/2016,Mark J.,Harper,"Harper, Mark J.",,W,1,,0.00%,
228,n/a,Illinois,IL,08/11/2016,Nathan,Johnson,"Johnson, Nathan",,W,1,,0.00%,
229,n/a,Illinois,IL,08/11/2016,James T.,Struck,"Struck, James T.",,W,1,,0.00%,
230,P60020484,Illinois,IL,08/11/2016,Dem J.,Wysinger,"Wysinger, Dem J.",,W,1,,0.00%,
231,n/a,Illinois,IL,08/11/2016,,,,Total State Votes:,,,"5,536,424",,
232,n/a,Illinois,IL,08/11/2016,,,,,,,,,
233,P80001571,Indiana,IN,08/11/2016,Donald J.,Trump,"Trump, Donald J.",,REP,"1,557,286",,56.94%,W
234,P00003392,Indiana,IN,08/11/2016,Hillary,Clinton,"Clinton, Hillary",,DEM,"1,033,126",,37.77%,
235,P20002671,Indiana,IN,08/11/2016,Gary,Johnson,"Johnson, Gary",,LIB,"133,993",,4.90%,
236,P20003984,Indiana,IN,08/11/2016,Jill,Stein,"Stein, Jill",,W,"7,841",,0.29%,
237,P60021102,Indiana,IN,08/11/2016,Darrell L.,Castle,"Castle, Darrell L.",,W,"1,937",,0.07%,
238,P20005260,Indiana,IN,08/11/2016,Tom ,Hoefling,"Hoefling, Tom ",,W,269,,0.01%,
239,n/a,Indiana,IN,08/11/2016,Matthew ,Roberts,"Roberts, Matthew ",,W,148,,0.01%,
240,n/a,Indiana,IN,08/11/2016,Denny Carroll,Jackson,"Jackson, Denny Carroll",,W,121,,0.00%,
241,P60018017,Indiana,IN,08/11/2016,Emidio,Soltysik,"Soltysik, Emidio",,W,57,,0.00%,
242,P20004511,Indiana,IN,08/11/2016,Laurence,Kotlikoff,"Kotlikoff, Laurence",,W,49,,0.00%,
243,n/a,Indiana,IN,08/11/2016,Melissa L.,Kelly,"Kelly, Melissa L.",,W,44,,0.00%,
244,n/a,Indiana,IN,08/11/2016,Richard,Duncan,"Duncan, Richard",,W,25,,0.00%,
245,n/a,Indiana,IN,08/11/2016,Richard G.,Mullis,"Mullis, Richard G.",,W,22,,0.00%,
246,P60016342,Indiana,IN,08/11/2016,Roque,De La Fuente,"De La Fuente, Roque",,W,21,,0.00%,
247,n/a,Indiana,IN,08/11/2016,Ray C.,Brown,"Brown, Ray C.",,IND,11,,0.00%,
248,P60018249,Indiana,IN,08/11/2016,Joseph,Maldonado,"Maldonado, Joseph",,W,7,,0.00%,
249,P60005303,Indiana,IN,08/11/2016,Cherunda,Fox,"Fox, Cherunda",,W,1,,0.00%,
250,n/a,Indiana,IN,08/11/2016,,,,Total State Votes:,,,"2,734,958",,
251,n/a,Indiana,IN,08/11/2016,,,,,,,,,
252,P80001571,Iowa,IA,08/11/2016,Donald J.,Trump,"Trump, Donald J.",,REP,"800,983",,51.15%,W
253,P00003392,Iowa,IA,08/11/2016,Hillary,Clinton,"Clinton, Hillary",,DEM,"653,669",,41.74%,
254,P20002671,Iowa,IA,08/11/2016,Gary,Johnson,"Johnson, Gary",,LIB,"59,186",,3.78%,
255,n/a,Iowa,IA,08/11/2016,,Scattered,Scattered,,W,"17,746",,1.13%,
256,P60022654,Iowa,IA,08/11/2016,Evan,McMullin,"McMullin, Evan",,NP,"12,366",,0.79%,
257,P20003984,Iowa,IA,08/11/2016,Jill,Stein,"Stein, Jill",,IG,"11,479",,0.73%,
258,P60021102,Iowa,IA,08/11/2016,Darrell L.,Castle,"Castle, Darrell L.",,CON,"5,335",,0.34%,
259,P60005808,Iowa,IA,08/11/2016,Lynn ,Kahn,"Kahn, Lynn ",,NPI,"2,247",,0.14%,
260,n/a,Iowa,IA,08/11/2016,Dan R. ,Vacek,"Vacek, Dan R. ",,LMN,"2,246",,0.14%,
261,P60016342,Iowa,IA,08/11/2016,Rocky Roque,De La Fuente,"De La Fuente, Rocky Roque",,NP,451,,0.03%,
262,P80005572,Iowa,IA,08/11/2016,Gloria,La Riva,"La Riva, Gloria",,PSL,323,,0.02%,
263,n/a,Iowa,IA,08/11/2016,,,,Total State Votes:,,,"1,566,031",,
264,n/a,Iowa,IA,08/11/2016,,,,,,,,,
265,P80001571,Kansas,KS,08/11/2016,Donald J.,Trump,"Trump, Donald J.",,REP,"671,018",,56.65%,W
266,P00003392,Kansas,KS,08/11/2016,Hillary Rodham,Clinton,"Clinton, Hillary Rodham",,DEM,"427,005",,36.05%,
267,P20002671,Kansas,KS,08/11/2016,Gary,Johnson,"Johnson, Gary",,LIB,"55,406",,4.68%,
268,P20003984,Kansas,KS,08/11/2016,Jill,Stein,"Stein, Jill",,IND,"23,506",,1.98%,
269,P60022654,Kansas,KS,08/11/2016,Evan ,McMullin,"McMullin, Evan ",,W,"6,520",,0.55%,
270,P60021102,Kansas,KS,08/11/2016,Darrell L.,Castle,"Castle, Darrell L.",,W,646,,0.05%,
271,P60022787,Kansas,KS,08/11/2016,Michael A.,Maturen,"Maturen, Michael A.",,W,214,,0.02%,
272,P20005260,Kansas,KS,08/11/2016,Tom ,Hoefling,"Hoefling, Tom ",,W,45,,0.00%,
273,P60020963,Kansas,KS,08/11/2016,Ajay,Sood,"Sood, Ajay",,W,10,,0.00%,
274,P80005572,Kansas,KS,08/11/2016,Gloria,La Riva,"La Riva, Gloria",,W,7,,0.00%,
275,P60015351,Kansas,KS,08/11/2016,Andrew D.,Basiago,"Basiago, Andrew D.",,W,6,,0.00%,
276,P60016623,Kansas,KS,08/11/2016,Mike,Smith,"Smith, Mike",,W,6,,0.00%,
277,P60016342,Kansas,KS,08/11/2016,"""Rocky"" Roque",De La Fuente,"De La Fuente, ""Rocky"" Roque",,W,3,,0.00%,
278,P60017340,Kansas,KS,08/11/2016,James A.,Hedges,"Hedges, James A.",,W,3,,0.00%,
279,P00003962,Kansas,KS,08/11/2016,Joe C.,Schriner,"Schriner, Joe C.",,W,3,,0.00%,
280,P60005808,Kansas,KS,08/11/2016,Lynn,Kahn,"Kahn, Lynn",,W,2,,0.00%,
281,P60004868,Kansas,KS,08/11/2016,Darryl,Perry,"Perry, Darryl",,W,1,,0.00%,
282,P60007929,Kansas,KS,08/11/2016,Shawna,Sterling,"Sterling, Shawna",,W,1,,0.00%,
283,n/a,Kansas,KS,08/11/2016,,,,Total State Votes:,,,"1,184,402",,
284,n/a,Kansas,KS,08/11/2016,,,,,,,,,
285,P80001571,Kentucky,KY,08/11/2016,Donald J.,Trump,"Trump, Donald J.",,REP,"1,202,971",,62.52%,W
286,P00003392,Kentucky,KY,08/11/2016,Hillary Rodham,Clinton,"Clinton, Hillary Rodham",,DEM,"628,854",,32.68%,
287,P20002671,Kentucky,KY,08/11/2016,Gary,Johnson,"Johnson, Gary",,LIB,"53,752",,2.79%,
288,P60022654,Kentucky,KY,08/11/2016,Evan,McMullin,"McMullin, Evan",,IND,"22,780",,1.18%,
289,P20003984,Kentucky,KY,08/11/2016,Jill,Stein,"Stein, Jill",,GRE,"13,913",,0.72%,
290,P60016342,Kentucky,KY,08/11/2016,Rocky Roque,De La Fuente,"De La Fuente, Rocky Roque",,ADP,"1,128",,0.06%,
291,P60021102,Kentucky,KY,08/11/2016,Darrell L.,Castle,"Castle, Darrell L.",,W,438,,0.02%,
292,P60022787,Kentucky,KY,08/11/2016,Michael A.,Maturen,"Maturen, Michael A.",,W,155,,0.01%,
293,P20005260,Kentucky,KY,08/11/2016,Tom ,Hoefling,"Hoefling, Tom ",,W,39,,0.00%,
294,P60009917,Kentucky,KY,08/11/2016,Chris,Keniston,"Keniston, Chris",,W,22,,0.00%,
295,n/a,Kentucky,KY,08/11/2016,Denny Carroll,Jackson,"Jackson, Denny Carroll",,W,18,,0.00%,
296,n/a,Kentucky,KY,08/11/2016,Craig,Ellis,"Ellis, Craig",,W,14,,0.00%,
297,n/a,Kentucky,KY,08/11/2016,Timothy Allen,Stevens,"Stevens, Timothy Allen",,W,12,,0.00%,
298,P60016623,Kentucky,KY,08/11/2016,Mike,Smith,"Smith, Mike",,W,9,,0.00%,
299,P20004511,Kentucky,KY,08/11/2016,Laurence,Kotlikoff,"Kotlikoff, Laurence",,W,8,,0.00%,
300,P60023207,Kentucky,KY,08/11/2016,Scott,Cubbler,"Cubbler, Scott",,W,6,,0.00%,
301,n/a,Kentucky,KY,08/11/2016,"Richard Turner, Jr.",Luesing,"Luesing, Richard Turner, Jr.",,W,6,,0.00%,
302,n/a,Kentucky,KY,08/11/2016,Ben,Hartnell,"Hartnell, Ben",,W,5,,0.00%,
303,n/a,Kentucky,KY,08/11/2016,David,Perry,"Perry, David",,W,4,,0.00%,
304,P20004677,Kentucky,KY,08/11/2016,Jerry,White,"White, Jerry",,W,4,,0.00%,
305,P60016904,Kentucky,KY,08/11/2016,Santa Roy A.,Clark,"Clark, Santa Roy A.",,W,2,,0.00%,
306,n/a,Kentucky,KY,08/11/2016,Richard,Duncan,"Duncan, Richard",,W,2,,0.00%,
307,P60018249,Kentucky,KY,08/11/2016,Joseph,Maldonado,"Maldonado, Joseph",,W,2,,0.00%,
308,n/a,Kentucky,KY,08/11/2016,Marshall,Schoenke,"Schoenke, Marshall",,W,2,,0.00%,
309,P60005303,Kentucky,KY,08/11/2016,Cherunda,Fox,"Fox, Cherunda",,W,1,,0.00%,
310,n/a,Kentucky,KY,08/11/2016,William Martin,Ling,"Ling, William Martin",,W,1,,0.00%,
311,P20002630,Kentucky,KY,08/11/2016,"Sheila ""Samm""",Tittle,"Tittle, Sheila ""Samm""",,W,1,,0.00%,
312,n/a,Kentucky,KY,08/11/2016,,,,Total State Votes:,,,"1,924,149",,
313,n/a,Kentucky,KY,08/11/2016,,,,,,,,,
314,P80001571,Louisiana,LA,08/11/2016,Donald,Trump,"Trump, Donald",,REP,"1,178,638",,58.09%,W
315,P00003392,Louisiana,LA,08/11/2016,Hillary,Clinton,"Clinton, Hillary",,DEM,"780,154",,38.45%,
316,P20002671,Louisiana,LA,08/11/2016,Gary,Johnson,"Johnson, Gary",,LIB,"37,978",,1.87%,
317,P20003984,Louisiana,LA,08/11/2016,Jill,Stein,"Stein, Jill",,GRE,"14,031",,0.69%,
318,P60022654,Louisiana,LA,08/11/2016,Evan,McMullin,"McMullin, Evan",,CCS,"8,547",,0.42%,
319,P60021102,Louisiana,LA,08/11/2016,Darrell,Castle,"Castle, Darrell",,CON,"3,129",,0.15%,
320,P60009917,Louisiana,LA,08/11/2016,Chris ,Keniston,"Keniston, Chris ",,VP,"1,881",,0.09%,
321,P20005260,Louisiana,LA,08/11/2016,Tom ,Hoefling,"Hoefling, Tom ",,LFC,"1,581",,0.08%,
322,P20004511,Louisiana,LA,08/11/2016,Laurence,Kotlikoff,"Kotlikoff, Laurence",,IOC,"1,048",,0.05%,
323,P20004768,Louisiana,LA,08/11/2016,Princess,Jacob,"Jacob, Princess",,LTC,749,,0.04%,
324,P80005473,Louisiana,LA,08/11/2016,Alyson,Kennedy,"Kennedy, Alyson",,SWP,480,,0.02%,
325,P80005572,Louisiana,LA,08/11/2016,Gloria,La Riva,"La Riva, Gloria",,SLP,446,,0.02%,
326,P20004677,Louisiana,LA,08/11/2016,Jerry,White,"White, Jerry",,SEA,370,,0.02%,
327,n/a,Louisiana,LA,08/11/2016,,,,Total State Votes:,,,"2,029,032",,
328,n/a,Louisiana,LA,08/11/2016,,,,,,,,,
329,P00003392,Maine,ME,08/11/2016,Hillary R.,Clinton,"Clinton, Hillary R.",,DEM,"357,735",,47.83%,W
330,P80001571,Maine,ME,08/11/2016,Donald J.,Trump,"Trump, Donald J.",,REP,"335,593",,44.87%,
331,P20002671,Maine,ME,08/11/2016,Gary,Johnson,"Johnson, Gary",,LIB,"38,105",,5.09%,
332,P20003984,Maine,ME,08/11/2016,Jill,Stein,"Stein, Jill",,GI,"14,251",,1.91%,
333,P60022654,Maine,ME,08/11/2016,David Evan,McMullin,"McMullin, David Evan",,W,"1,887",,0.25%,
334,P60021102,Maine,ME,08/11/2016,Darrell L.,Castle,"Castle, Darrell L.",,W,333,,0.04%,
335,P20004511,Maine,ME,08/11/2016,Laurence J.,Kotlikoff,"Kotlikoff, Laurence J.",,W,16,,0.00%,
336,P60005303,Maine,ME,08/11/2016,Cherunda L.,Fox,"Fox, Cherunda L.",,W,7,,0.00%,
337,n/a,Maine,ME,08/11/2016,,,,Total State Votes:,,,"747,927",,
338,n/a,Maine,ME,08/11/2016,,,,,,,,,
339,P00003392,Maryland,MD,08/11/2016,Hillary,Clinton,"Clinton, Hillary",,DEM,"1,677,928",,60.33%,W
340,P80001571,Maryland,MD,08/11/2016,Donald J.,Trump,"Trump, Donald J.",,REP,"943,169",,33.91%,
341,P20002671,Maryland,MD,08/11/2016,Gary,Johnson,"Johnson, Gary",,LIB,"79,605",,2.86%,
342,P20003984,Maryland,MD,08/11/2016,Jill,Stein,"Stein, Jill",,GRE,"35,945",,1.29%,
343,n/a,Maryland,MD,08/11/2016,,Other,Other,,W,"33,263",,1.20%,
344,P60022654,Maryland,MD,08/11/2016,Evan,McMullin,"McMullin, Evan",,W,"9,630",,0.35%,
345,P60021102,Maryland,MD,08/11/2016,Darrell L.,Castle,"Castle, Darrell L.",,W,566,,0.02%,
346,P60022787,Maryland,MD,08/11/2016,Michael A.,Maturen,"Maturen, Michael A.",,W,504,,0.02%,
347,P60018975,Maryland,MD,08/11/2016,Stephen,McCarthy,"McCarthy, Stephen",,W,97,,0.00%,
348,P20004511,Maryland,MD,08/11/2016,Laurence,Kotlikoff,"Kotlikoff, Laurence",,W,73,,0.00%,
349,P60016888,Maryland,MD,08/11/2016,Paij,Boring,"Boring, Paij",,W,53,,0.00%,
350,n/a,Maryland,MD,08/11/2016,Janet L.,Reid,"Reid, Janet L.",,W,53,,0.00%,
351,n/a,Maryland,MD,08/11/2016,Martin,Carlisle,"Carlisle, Martin",,W,51,,0.00%,
352,P80005572,Maryland,MD,08/11/2016,Gloria,La Riva,"La Riva, Gloria",,W,48,,0.00%,
353,P60019304,Maryland,MD,08/11/2016,Paul,Adams,"Adams, Paul",,W,44,,0.00%,
354,P20005260,Maryland,MD,08/11/2016,Tom,Hoefling,"Hoefling, Tom",,W,42,,0.00%,
355,n/a,Maryland,MD,08/11/2016,Jacqueline,Gates,"Gates, Jacqueline",,W,36,,0.00%,
356,P60020757,Maryland,MD,08/11/2016,Robert,Buchanan,"Buchanan, Robert",,W,25,,0.00%,
357,n/a,Maryland,MD,08/11/2016,Ben,Hartnell,"Hartnell, Ben",,W,24,,0.00%,
358,P60023686,Maryland,MD,08/11/2016,Joann,Breivogel,"Breivogel, Joann",,W,20,,0.00%,
359,n/a,Maryland,MD,08/11/2016,Richard,Duncan,"Duncan, Richard",,W,18,,0.00%,
360,P60005808,Maryland,MD,08/11/2016,Lynn,Kahn,"Kahn, Lynn",,W,18,,0.00%,
361,P60015013,Maryland,MD,08/11/2016,Cathy Johnson,Pendleton,"Pendleton, Cathy Johnson",,W,17,,0.00%,
362,P60019940,Maryland,MD,08/11/2016,Mary E.,Thomas,"Thomas, Mary E.",,W,16,,0.00%,
363,n/a,Maryland,MD,08/11/2016,Dana E.,Brown,"Brown, Dana E.",,W,15,,0.00%,
364,P60016342,Maryland,MD,08/11/2016,"Roque ""Rocky""",De La Fuente,"De La Fuente, Roque ""Rocky""",,W,14,,0.00%,
365,P60016623,Maryland,MD,08/11/2016,"Michael L. ""Mike""",Smith,"Smith, Michael L. ""Mike""",,W,13,,0.00%,
366,n/a,Maryland,MD,08/11/2016,Sistah,Soldjah,"Soldjah, Sistah",,W,13,,0.00%,
367,P60018249,Maryland,MD,08/11/2016,Joseph A.,Maldonado,"Maldonado, Joseph A.",,W,12,,0.00%,
368,n/a,Maryland,MD,08/11/2016,Coop,Smith,"Smith, Coop",,W,11,,0.00%,
369,n/a,Maryland,MD,08/11/2016,Anthony Tony J.,Valdivia,"Valdivia, Anthony Tony J.",,W,11,,0.00%,
370,P20004677,Maryland,MD,08/11/2016,Jerry,White,"White, Jerry",,W,11,,0.00%,
371,P80004989,Maryland,MD,08/11/2016,Star,Locke,"Locke, Star",,W,10,,0.00%,
372,n/a,Maryland,MD,08/11/2016,Maurice,Symonette,"Symonette, Maurice",,W,10,,0.00%,
373,P60005303,Maryland,MD,08/11/2016,Cherunda,Fox,"Fox, Cherunda",,W,9,,0.00%,
374,P00003962,Maryland,MD,08/11/2016,Joe,Schriner,"Schriner, Joe",,W,9,,0.00%,
375,P60005550,Maryland,MD,08/11/2016,Shelia,Bolar,"Bolar, Shelia",,W,7,,0.00%,
376,P60005899,Maryland,MD,08/11/2016,"William E., Jr.",Bowhall,"Bowhall, William E., Jr.",,W,7,,0.00%,
377,P60022043,Maryland,MD,08/11/2016,Michael B.,Puskar,"Puskar, Michael B.",,W,7,,0.00%,
378,P60021243,Maryland,MD,08/11/2016,Ameer,Flippin,"Flippin, Ameer",,W,6,,0.00%,
379,P60018017,Maryland,MD,08/11/2016,Emidio,Soltysik,"Soltysik, Emidio",,W,6,,0.00%,
380,,Maryland,MD,08/11/2016,Michael David,Boyles,"Boyles, Michael David",,W,5,,0.00%,
381,P60017340,Maryland,MD,08/11/2016,James,Hedges,"Hedges, James",,W,5,,0.00%,
382,P20005187,Maryland,MD,08/11/2016,"Theodis, Sr.",Brown,"Brown, Theodis, Sr.",,W,4,,0.00%,
383,P60008299,Maryland,MD,08/11/2016,"Gerald, II",Jennings,"Jennings, Gerald, II",,W,4,,0.00%,
384,n/a,Maryland,MD,08/11/2016,Marshall,Schoenke,"Schoenke, Marshall",,W,3,,0.00%,
385,P60007689,Maryland,MD,08/11/2016,Mohammed,Keita,"Keita, Mohammed",,W,2,,0.00%,
386,n/a,Maryland,MD,08/11/2016,J. J.,Vogel-Walcutt,"Vogel-Walcutt, J. J.",,W,2,,0.00%,
387,n/a,Maryland,MD,08/11/2016,Richard Baxter,Edgell,"Edgell, Richard Baxter",,W,1,,0.00%,
388,n/a,Maryland,MD,08/11/2016,Doug,Terry,"Terry, Doug",,W,1,,0.00%,
389,P60023611,Maryland,MD,08/11/2016,Kora Roberta Katz,Vakil,"Vakil, Kora Roberta Katz",,W,1,,0.00%,
390,n/a,Maryland,MD,08/11/2016,Mitchell,Williams,"Williams, Mitchell",,W,1,,0.00%,
391,P60020484,Maryland,MD,08/11/2016,Demetra Jefferson,Wysinger,"Wysinger, Demetra Jefferson",,W,1,,0.00%,
392,n/a,Maryland,MD,08/11/2016,,,,Total State Votes:,,,"2,781,446",,
393,n/a,Maryland,MD,08/11/2016,,,,,,,,,
394,P00003392,Massachusetts,MA,08/11/2016,Hillary,Clinton,"Clinton, Hillary",,DEM,"1,995,196",,60.01%,W
395,P80001571,Massachusetts,MA,08/11/2016,Donald J.,Trump,"Trump, Donald J.",,REP,"1,090,893",,32.81%,
396,P20002671,Massachusetts,MA,08/11/2016,Gary,Johnson,"Johnson, Gary",,LIB,"138,018",,4.15%,
397,n/a,Massachusetts,MA,08/11/2016,,All Others,All Others,,W,"50,488",,1.52%,
398,P20003984,Massachusetts,MA,08/11/2016,Jill,Stein,"Stein, Jill",,GR,"47,661",,1.43%,
399,P60022654,Massachusetts,MA,08/11/2016,David,McMullin,"McMullin, David",,W,"2,719",,0.08%,
400,n/a,Massachusetts,MA,08/11/2016,William,Feegbeh,"Feegbeh, William",,W,28,,0.00%,
401,P20004511,Massachusetts,MA,08/11/2016,Laurence,Kotlikoff,"Kotlikoff, Laurence",,W,28,,0.00%,
402,P60004405,Massachusetts,MA,08/11/2016,Monica G.,Moorehead,"Moorehead, Monica G.",,W,15,,0.00%,
403,n/a,Massachusetts,MA,08/11/2016,,,,Total State Votes:,,,"3,325,046",,
404,n/a,Massachusetts,MA,08/11/2016,,,,,,,,,
405,P80001571,Michigan,MI,08/11/2016,Donald J.,Trump,"Trump, Donald J.",,REP,"2,279,543",,47.50%,W
406,P00003392,Michigan,MI,08/11/2016,Hillary,Clinton,"Clinton, Hillary",,DEM,"2,268,839",,47.27%,
407,P20002671,Michigan,MI,08/11/2016,Gary,Johnson,"Johnson, Gary",,LIB,"172,136",,3.59%,
408,P20003984,Michigan,MI,08/11/2016,Jill,Stein,"Stein, Jill",,GRE,"51,463",,1.07%,
409,P60021102,Michigan,MI,08/11/2016,Darrell L.,Castle,"Castle, Darrell L.",,UST,"16,139",,0.34%,
410,P60022654,Michigan,MI,08/11/2016,Evan,McMullin,"McMullin, Evan",,W,"8,177",,0.17%,
411,P60018017,Michigan,MI,08/11/2016,Emidio Mimi,Soltysik,"Soltysik, Emidio Mimi",,NLP,"2,209",,0.05%,
412,P60022787,Michigan,MI,08/11/2016,Michael A.,Maturen,"Maturen, Michael A.",,W,517,,0.01%,
413,P20005260,Michigan,MI,08/11/2016,Tom ,Hoefling,"Hoefling, Tom ",,W,95,,0.00%,
414,P20004511,Michigan,MI,08/11/2016,Laurence,Kotlikoff,"Kotlikoff, Laurence",,W,87,,0.00%,
415,n/a,Michigan,MI,08/11/2016,Ben ,Hartnell,"Hartnell, Ben ",,W,39,,0.00%,
416,P60004405,Michigan,MI,08/11/2016,Monica,Moorehead,"Moorehead, Monica",,W,30,,0.00%,
417,P60005303,Michigan,MI,08/11/2016,Cherunda,Fox,"Fox, Cherunda",,W,10,,0.00%,
418,n/a,Michigan,MI,08/11/2016,,,,Total State Votes:,,,"4,799,284",,
419,n/a,Michigan,MI,08/11/2016,,,,,,,,,
420,P00003392,Minnesota,MN,08/11/2016,Hillary,Clinton,"Clinton, Hillary",,DFL,"1,367,716",,46.44%,W
421,P80001571,Minnesota,MN,08/11/2016,Donald J.,Trump,"Trump, Donald J.",,REP,"1,322,951",,44.92%,
422,P20002671,Minnesota,MN,08/11/2016,Gary,Johnson,"Johnson, Gary",,LIB,"112,972",,3.84%,
423,P60022654,Minnesota,MN,08/11/2016,Evan,McMullin,"McMullin, Evan",,IDP,"53,076",,1.80%,
424,P20003984,Minnesota,MN,08/11/2016,Jill,Stein,"Stein, Jill",,GRE,"36,985",,1.26%,
425,n/a,Minnesota,MN,08/11/2016,,Scattered,Scattered,,W,"26,714",,0.91%,
426,n/a,Minnesota,MN,08/11/2016,Dan R. ,Vacek,"Vacek, Dan R. ",,LMN,"11,291",,0.38%,
427,P60021102,Minnesota,MN,08/11/2016,Darrell,Castle,"Castle, Darrell",,CON,"9,456",,0.32%,
428,P80005473,Minnesota,MN,08/11/2016,Alyson,Kennedy,"Kennedy, Alyson",,SWP,"1,672",,0.06%,
429,P60016342,Minnesota,MN,08/11/2016,"""Rocky"" Roque",De La Fuente,"De La Fuente, ""Rocky"" Roque",,ADP,"1,431",,0.05%,
430,P60022787,Minnesota,MN,08/11/2016,Michael Andrew,Maturen,"Maturen, Michael Andrew",,W,244,,0.01%,
431,n/a,Minnesota,MN,08/11/2016,"Jeffrey Ryan, Sr.",Wharton,"Wharton, Jeffrey Ryan, Sr.",,W,53,,0.00%,
432,n/a,Minnesota,MN,08/11/2016,Henry,Bartlett,"Bartlett, Henry",,W,41,,0.00%,
433,P60009917,Minnesota,MN,08/11/2016,Chris,Keniston,"Keniston, Chris",,W,31,,0.00%,
434,n/a,Minnesota,MN,08/11/2016,Daniel,Muffoletto,"Muffoletto, Daniel",,W,29,,0.00%,
435,P20005260,Minnesota,MN,08/11/2016,Tom,Hoefling,"Hoefling, Tom",,W,28,,0.00%,
436,n/a,Minnesota,MN,08/11/2016,Dennis Andrew,Ball,"Ball, Dennis Andrew",,W,24,,0.00%,
437,P20004511,Minnesota,MN,08/11/2016,Laurence,Kotlikoff,"Kotlikoff, Laurence",,W,17,,0.00%,
438,P60017852,Minnesota,MN,08/11/2016,Clifton,Roberts,"Roberts, Clifton",,W,15,,0.00%,
439,P60018017,Minnesota,MN,08/11/2016,Emidio,Soltysik,"Soltysik, Emidio",,W,15,,0.00%,
440,P80005572,Minnesota,MN,08/11/2016,Gloria,La Riva,"La Riva, Gloria",,W,12,,0.00%,
441,P20004677,Minnesota,MN,08/11/2016,Jerome S. (Jerry),White,"White, Jerome S. (Jerry)",,W,10,,0.00%,
442,P00003962,Minnesota,MN,08/11/2016,Joe,Schriner,"Schriner, Joe",,W,4,,0.00%,
443,n/a,Minnesota,MN,08/11/2016,Arthur E.,Sidner,"Sidner, Arthur E.",,W,4,,0.00%,
444,n/a,Minnesota,MN,08/11/2016,Kirk,Wettschreck,"Wettschreck, Kirk",,W,4,,0.00%,
445,P60016623,Minnesota,MN,08/11/2016,"Michael L. ""Mike""",Smith,"Smith, Michael L. ""Mike""",,W,3,,0.00%,
446,n/a,Minnesota,MN,08/11/2016,Ben,Hartnell,"Hartnell, Ben",,W,2,,0.00%,
447,n/a,Minnesota,MN,08/11/2016,Roger,Koplitz,"Koplitz, Roger",,W,2,,0.00%,
448,n/a,Minnesota,MN,08/11/2016,Srinivasa K.,Mallapadi,"Mallapadi, Srinivasa K.",,W,2,,0.00%,
449,n/a,Minnesota,MN,08/11/2016,Micah,Payeur,"Payeur, Micah",,W,2,,0.00%,
450,n/a,Minnesota,MN,08/11/2016,Richard,Duncan,"Duncan, Richard",,W,1,,0.00%,
451,n/a,Minnesota,MN,08/11/2016,Eric,Gerhard,"Gerhard, Eric",,W,1,,0.00%,
452,n/a,Minnesota,MN,08/11/2016,Darin,Lynch,"Lynch, Darin",,W,1,,0.00%,
453,n/a,Minnesota,MN,08/11/2016,Matthew,Roberts,"Roberts, Matthew",,W,1,,0.00%,
454,n/a,Minnesota,MN,08/11/2016,Platt,Robertson,"Robertson, Platt",,W,1,,0.00%,
455,n/a,Minnesota,MN,08/11/2016,Derrick,Schumacher,"Schumacher, Derrick",,W,1,,0.00%,
456,n/a,Minnesota,MN,08/11/2016,Keith Richard,Snell,"Snell, Keith Richard",,W,1,,0.00%,
457,n/a,Minnesota,MN,08/11/2016,,,,Total State Votes:,,,"2,944,813",,
458,n/a,Minnesota,MN,08/11/2016,,,,,,,,,
459,P80001571,Mississippi,MS,08/11/2016,Donald J.,Trump,"Trump, Donald J.",,REP,"700,714",,57.94%,W
460,P00003392,Mississippi,MS,08/11/2016,Hillary,Clinton,"Clinton, Hillary",,DEM,"485,131",,40.11%,
461,P20002671,Mississippi,MS,08/11/2016,Gary,Johnson,"Johnson, Gary",,LIB,"14,435",,1.19%,
462,P60021102,Mississippi,MS,08/11/2016,Darrell,Castle,"Castle, Darrell",,CON,"3,987",,0.33%,
463,P20003984,Mississippi,MS,08/11/2016,Jill,Stein,"Stein, Jill",,GRE,"3,731",,0.31%,
464,P60017340,Mississippi,MS,08/11/2016,Jim,Hedges,"Hedges, Jim",,P,715,,0.06%,
465,P60016342,Mississippi,MS,08/11/2016,"""Rocky"" Roque",De La Fuente,"De La Fuente, ""Rocky"" Roque",,ADP,644,,0.05%,
466,n/a,Mississippi,MS,08/11/2016,,,,Total State Votes:,,,"1,209,357",,
467,n/a,Mississippi,MS,08/11/2016,,,,,,,,,
468,P80001571,Missouri,MO,08/11/2016,Donald J.,Trump,"Trump, Donald J.",,REP,"1,594,511",,56.77%,W
469,P00003392,Missouri,MO,08/11/2016,Hillary Rodham,Clinton,"Clinton, Hillary Rodham",,DEM,"1,071,068",,38.14%,
470,P20002671,Missouri,MO,08/11/2016,Gary,Johnson,"Johnson, Gary",,LIB,"97,359",,3.47%,
471,P20003984,Missouri,MO,08/11/2016,Jill ,Stein,"Stein, Jill ",,GRE,"25,419",,0.91%,
472,P60021102,Missouri,MO,08/11/2016,Darrell L.,Castle,"Castle, Darrell L.",,CON,"13,092",,0.47%,
473,P60022654,Missouri,MO,08/11/2016,Evan,McMullin,"McMullin, Evan",,W,"7,071",,0.25%,
474,P20005260,Missouri,MO,08/11/2016,Tom ,Hoefling,"Hoefling, Tom ",,W,48,,0.00%,
475,P20004511,Missouri,MO,08/11/2016,Laurence,Kotlikoff,"Kotlikoff, Laurence",,W,28,,0.00%,
476,P60016342,Missouri,MO,08/11/2016,"""Rocky"" Roque",De La Fuente,"De La Fuente, ""Rocky"" Roque",,W,6,,0.00%,
477,n/a,Missouri,MO,08/11/2016,Marshall,Schoenke,"Schoenke, Marshall",,W,3,,0.00%,
478,n/a,Missouri,MO,08/11/2016,,,,Total State Votes:,,,"2,808,605",,
479,n/a,Missouri,MO,08/11/2016,,,,,,,,,
480,P80001571,Montana,MT,08/11/2016,Donald J.,Trump,"Trump, Donald J.",,REP,"279,240",,56.17%,W
481,P00003392,Montana,MT,08/11/2016,Hillary,Clinton,"Clinton, Hillary",,DEM,"177,709",,35.75%,
482,P20002671,Montana,MT,08/11/2016,Gary,Johnson,"Johnson, Gary",,LIB,"28,037",,5.64%,
483,P20003984,Montana,MT,08/11/2016,Jill,Stein,"Stein, Jill",,GRE,"7,970",,1.60%,
484,P60022654,Montana,MT,08/11/2016,Evan,McMullin,"McMullin, Evan",,W,"2,297",,0.46%,
485,P60016342,Montana,MT,08/11/2016,"""Rocky"" Roque",De La Fuente,"De La Fuente, ""Rocky"" Roque",,ADP,"1,570",,0.32%,
486,P60021102,Montana,MT,08/11/2016,Darrell L.,Castle,"Castle, Darrell L.",,W,296,,0.06%,
487,P20005260,Montana,MT,08/11/2016,Tom,Hoefling,"Hoefling, Tom",,W,10,,0.00%,
488,P20004511,Montana,MT,08/11/2016,Laurence,Kotlikoff,"Kotlikoff, Laurence",,W,7,,0.00%,
489,P60015351,Montana,MT,08/11/2016,Andrew D.,Basiago,"Basiago, Andrew D.",,W,3,,0.00%,
490,P60020757,Montana,MT,08/11/2016,Robert L.,Buchanan,"Buchanan, Robert L.",,W,2,,0.00%,
491,P60018249,Montana,MT,08/11/2016,Joseph,Maldonado,"Maldonado, Joseph",,W,1,,0.00%,
492,P60019114,Montana,MT,08/11/2016,Laio,Morris,"Morris, Laio",,W,1,,0.00%,
493,P60004868,Montana,MT,08/11/2016,Darryl W.,Perry,"Perry, Darryl W.",,W,1,,0.00%,
494,P00003962,Montana,MT,08/11/2016,Joe,Schriner,"Schriner, Joe",,W,1,,0.00%,
495,P60016623,Montana,MT,08/11/2016,Michael L. (Mike),Smith,"Smith, Michael L. (Mike)",,W,1,,0.00%,
496,P60018017,Montana,MT,08/11/2016,Emidio,Soltysik,"Soltysik, Emidio",,W,1,,0.00%,
497,n/a,Montana,MT,08/11/2016,,,,Total State Votes:,,,"497,147",,
498,n/a,Montana,MT,08/11/2016,,,,,,,,,
499,P80001571,Nebraska,NE,08/11/2016,Donald J.,Trump,"Trump, Donald J.",,REP,"495,961",,58.75%,W
500,P00003392,Nebraska,NE,08/11/2016,Hillary,Clinton,"Clinton, Hillary",,DEM,"284,494",,33.70%,
501,P20002671,Nebraska,NE,08/11/2016,Gary,Johnson,"Johnson, Gary",,LIB,"38,946",,4.61%,
502,n/a,Nebraska,NE,08/11/2016,,Scattered,Scattered,,W,"16,051",,1.90%,
503,P20003984,Nebraska,NE,08/11/2016,Jill,Stein,"Stein, Jill",,BP,"8,775",,1.04%,
504,n/a,Nebraska,NE,08/11/2016,,,,Total State Votes:,,,"844,227",,
505,n/a,Nebraska,NE,08/11/2016,,,,,,,,,
506,P00003392,Nevada,NV,08/11/2016,Hillary,Clinton,"Clinton, Hillary",,DEM,"539,260",,47.92%,W
507,P80001571,Nevada,NV,08/11/2016,Donald J.,Trump,"Trump, Donald J.",,REP,"512,058",,45.50%,
508,P20002671,Nevada,NV,08/11/2016,Gary,Johnson,"Johnson, Gary",,LIB,"37,384",,3.32%,
509,n/a,Nevada,NV,08/11/2016,,None of These Candidates,None of These Candidates,,,"28,863",,2.56%,
510,P60021102,Nevada,NV,08/11/2016,Darrell,Castle,"Castle, Darrell",,IAP,"5,268",,0.47%,
511,P60016342,Nevada,NV,08/11/2016,"Roque ""Rocky""",De La Fuente,"De La Fuente, Roque ""Rocky""",,NPY,"2,552",,0.23%,
512,n/a,Nevada,NV,08/11/2016,,,,Total State Votes:,,,"1,125,385",,
513,n/a,Nevada,NV,08/11/2016,,,,,,,,,
514,P00003392,New Hampshire,NH,08/11/2016,Hillary,Clinton,"Clinton, Hillary",,DEM,"348,526",,46.83%,W
515,P80001571,New Hampshire,NH,08/11/2016,Donald J.,Trump,"Trump, Donald J.",,REP,"345,790",,46.46%,
516,P20002671,New Hampshire,NH,08/11/2016,Gary,Johnson,"Johnson, Gary",,LIB,"30,777",,4.14%,
517,P20003984,New Hampshire,NH,08/11/2016,Jill ,Stein,"Stein, Jill ",,GRE,"6,496",,0.87%,
518,P60007168,New Hampshire,NH,08/11/2016,Bernie,Sanders,"Sanders, Bernie",,W,"4,493",,0.60%,
519,n/a,New Hampshire,NH,08/11/2016,,Scattered,Scattered,,W,"2,411",,0.32%,
520,P60003670,New Hampshire,NH,08/11/2016,John,Kasich,"Kasich, John",,W,"1,365",,0.18%,
521,P60022654,New Hampshire,NH,08/11/2016,Evan,McMullin,"McMullin, Evan",,W,"1,064",,0.14%,
522,n/a,New Hampshire,NH,08/11/2016,Mike,Pence,"Pence, Mike",,W,937,,0.13%,
523,P60016342,New Hampshire,NH,08/11/2016,"Roque ""Rocky""",De La Fuente,"De La Fuente, Roque ""Rocky""",,ADP,678,,0.09%,
524,P80003353,New Hampshire,NH,08/11/2016,Mitt,Romney,"Romney, Mitt",,W,540,,0.07%,
525,n/a,New Hampshire,NH,08/11/2016,Paul,Ryan,"Ryan, Paul",,W,280,,0.04%,
526,P60008059,New Hampshire,NH,08/11/2016,Jeb ,Bush,"Bush, Jeb ",,W,230,,0.03%,
527,P60006723,New Hampshire,NH,08/11/2016,Marco,Rubio,"Rubio, Marco",,W,136,,0.02%,
528,P60006111,New Hampshire,NH,08/11/2016,Ted ,Cruz,"Cruz, Ted ",,W,129,,0.02%,
529,P80002801,New Hampshire,NH,08/11/2016,John,McCain,"McCain, John",,W,127,,0.02%,
530,n/a,New Hampshire,NH,08/11/2016,Ron or Rand,Paul,"Paul, Ron or Rand",,W,98,,0.01%,
531,P60005915,New Hampshire,NH,08/11/2016,Ben ,Carson,"Carson, Ben ",,W,83,,0.01%,
532,n/a,New Hampshire,NH,08/11/2016,Vermin,Supreme,"Supreme, Vermin",,W,58,,0.01%,
533,P80000722,New Hampshire,NH,08/11/2016,Joe  ,Biden,"Biden, Joe  ",,W,55,,0.01%,
534,P60008521,New Hampshire,NH,08/11/2016,Chris ,Christie,"Christie, Chris ",,W,23,,0.00%,
535,n/a,New Hampshire,NH,08/11/2016,,,,Total State Votes:,,,"744,296",,
536,n/a,New Hampshire,NH,08/11/2016,,,,,,,,,
537,P00003392,New Jersey,NJ,08/11/2016,Hillary Rodham,Clinton,"Clinton, Hillary Rodham",,DEM,"2,148,278",,55.45%,W
538,P80001571,New Jersey,NJ,08/11/2016,Donald J.,Trump,"Trump, Donald J.",,REP,"1,601,933",,41.35%,
539,P20002671,New Jersey,NJ,08/11/2016,Gary,Johnson,"Johnson, Gary",,LIB,"72,477",,1.87%,
540,P20003984,New Jersey,NJ,08/11/2016,Jill,Stein,"Stein, Jill",,GRE,"37,772",,0.98%,
541,P60021102,New Jersey,NJ,08/11/2016,Darrell,Castle,"Castle, Darrell",,CON,"6,161",,0.16%,
542,P80005473,New Jersey,NJ,08/11/2016,Alyson,Kennedy,"Kennedy, Alyson",,SWP,"2,156",,0.06%,
543,P60016342,New Jersey,NJ,08/11/2016,Rocky Roque,De La Fuente,"De La Fuente, Rocky Roque",,ADP,"1,838",,0.05%,
544,P60004405,New Jersey,NJ,08/11/2016,Monica,Moorehead,"Moorehead, Monica",,WW,"1,749",,0.05%,
545,P80005572,New Jersey,NJ,08/11/2016,Gloria,La Riva,"La Riva, Gloria",,SLP,"1,682",,0.04%,
546,n/a,New Jersey,NJ,08/11/2016,,,,Total State Votes:,,,"3,874,046",,
547,n/a,New Jersey,NJ,08/11/2016,,,,,,,,,
548,P00003392,New Mexico,NM,08/11/2016,Hillary Rodham,Clinton,"Clinton, Hillary Rodham",,DEM,"385,234",,48.26%,W
549,P80001571,New Mexico,NM,08/11/2016,Donald J.,Trump,"Trump, Donald J.",,REP,"319,667",,40.04%,
550,P20002671,New Mexico,NM,08/11/2016,Gary ,Johnson,"Johnson, Gary ",,LIB,"74,541",,9.34%,
551,P20003984,New Mexico,NM,08/11/2016,Jill ,Stein,"Stein, Jill ",,GRE,"9,879",,1.24%,
552,P60022654,New Mexico,NM,08/11/2016,Evan,McMullin,"McMullin, Evan",,BFA,"5,825",,0.73%,
553,P60021102,New Mexico,NM,08/11/2016,Darrell,Castle,"Castle, Darrell",,CON,"1,514",,0.19%,
554,P80005572,New Mexico,NM,08/11/2016,Gloria,La Riva,"La Riva, Gloria",,PSL,"1,184",,0.15%,
555,P60016342,New Mexico,NM,08/11/2016,"""Rocky"" Roque",De La Fuente,"De La Fuente, ""Rocky"" Roque",,ADP,475,,0.06%,
556,n/a,New Mexico,NM,08/11/2016,,,,Total State Votes:,,,"798,319",,
557,n/a,New Mexico,NM,08/11/2016,,,,,,,,,
558,P00003392,New York,NY,08/11/2016,Hillary,Clinton,"Clinton, Hillary",,Combined Parties:,,"4,556,118",59.01%,W
559,P00003392,New York,NY,08/11/2016,Hillary,Clinton,"Clinton, Hillary",,DEM,"4,379,783",,56.72%,
560,P00003392,New York,NY,08/11/2016,Hillary,Clinton,"Clinton, Hillary",,WF,"140,043",,1.81%,
561,P00003392,New York,NY,08/11/2016,Hillary,Clinton,"Clinton, Hillary",,WEP,"36,292",,0.47%,
562,P80001571,New York,NY,08/11/2016,Donald J.,Trump,"Trump, Donald J.",,Combined Parties:,,"2,819,533",36.52%,
563,P80001571,New York,NY,08/11/2016,Donald J.,Trump,"Trump, Donald J.",,REP,"2,527,141",,32.73%,
564,P80001571,New York,NY,08/11/2016,Donald J.,Trump,"Trump, Donald J.",,C,"292,392",,3.79%,
565,P20002671,New York,NY,08/11/2016,Gary,Johnson,"Johnson, Gary",,Combined Parties:,,"176,598",2.29%,
566,P20002671,New York,NY,08/11/2016,Gary,Johnson,"Johnson, Gary",,IDP,"119,160",,1.54%,
567,P20002671,New York,NY,08/11/2016,Gary,Johnson,"Johnson, Gary",,LIB,"57,438",,0.74%,
568,P20003984,New York,NY,08/11/2016,Jill ,Stein,"Stein, Jill ",,GRE,"107,935",,1.40%,
569,n/a,New York,NY,08/11/2016,,Scattered,Scattered,,W,"48,343",,0.63%,
570,P60022654,New York,NY,08/11/2016,Evan,McMullin,"McMullin, Evan",,W,"10,397",,0.13%,
571,P60021102,New York,NY,08/11/2016,Darrell,Castle,"Castle, Darrell",,W,955,,0.01%,
572,P60022787,New York,NY,08/11/2016,Michael A.,Maturen,"Maturen, Michael A.",,W,458,,0.01%,
573,P80005572,New York,NY,08/11/2016,Gloria,La Riva,"La Riva, Gloria",,W,175,,0.00%,
574,P20005260,New York,NY,08/11/2016,Tom,Hoefling,"Hoefling, Tom",,W,137,,0.00%,
575,P60009917,New York,NY,08/11/2016,Chris,Keniston,"Keniston, Chris",,W,90,,0.00%,
576,P60017852,New York,NY,08/11/2016,Clifton,Roberts,"Roberts, Clifton",,W,88,,0.00%,
577,n/a,New York,NY,08/11/2016,Jason,Mutford,"Mutford, Jason",,W,85,,0.00%,
578,P60008190,New York,NY,08/11/2016,Zoltan Istvan,Gyurko,"Gyurko, Zoltan Istvan",,W,76,,0.00%,
579,P60005808,New York,NY,08/11/2016,Lynn,Kahn,"Kahn, Lynn",,W,72,,0.00%,
580,P60004405,New York,NY,08/11/2016,Monica ,Moorehead,"Moorehead, Monica ",,W,68,,0.00%,
581,P60020757,New York,NY,08/11/2016,Robert L.,Buchanan,"Buchanan, Robert L.",,W,58,,0.00%,
582,n/a,New York,NY,08/11/2016,Ben,Hartnell,"Hartnell, Ben",,W,42,,0.00%,
583,P60018017,New York,NY,08/11/2016,Emidio,Soltysik,"Soltysik, Emidio",,W,36,,0.00%,
584,P60016342,New York,NY,08/11/2016,"""Rocky"" Roque",De La Fuente,"De La Fuente, ""Rocky"" Roque",,W,35,,0.00%,
585,n/a,New York,NY,08/11/2016,Ariel ,Cohen,"Cohen, Ariel ",,W,33,,0.00%,
586,n/a,New York,NY,08/11/2016,William J.,Connolly,"Connolly, William J.",,W,30,,0.00%,
587,P80000268,New York,NY,08/11/2016,Willie ,Carter,"Carter, Willie ",,W,18,,0.00%,
588,n/a,New York,NY,08/11/2016,Jeffrey,Mackler,"Mackler, Jeffrey",,W,15,,0.00%,
589,n/a,New York,NY,08/11/2016,Neer R.,Asherie,"Asherie, Neer R.",,W,9,,0.00%,
590,n/a,New York,NY,08/11/2016,Michael Frederick,Ingbar,"Ingbar, Michael Frederick",,W,8,,0.00%,
591,n/a,New York,NY,08/11/2016,Jason,Fried,"Fried, Jason",,W,6,,0.00%,
592,P60023074,New York,NY,08/11/2016,Gary S.,Canns,"Canns, Gary S.",,W,5,,0.00%,
593,n/a,New York,NY,08/11/2016,Robert M.,Wolff,"Wolff, Robert M.",,W,5,,0.00%,
594,n/a,New York,NY,08/11/2016,Tony,Valdivia,"Valdivia, Tony",,W,4,,0.00%,
595,n/a,New York,NY,08/11/2016,Marshall,Schoenke,"Schoenke, Marshall",,W,3,,0.00%,
596,n/a,New York,NY,08/11/2016,Ryan Alan,Scott,"Scott, Ryan Alan",,W,3,,0.00%,
597,n/a,New York,NY,08/11/2016,Mark  ,Blickley,"Blickley, Mark  ",,W,2,,0.00%,
598,n/a,New York,NY,08/11/2016,Esther,Welsh,"Welsh, Esther",,W,1,,0.00%,
599,n/a,New York,NY,08/11/2016,Barbara,Whitaker,"Whitaker, Barbara",,W,1,,0.00%,
600,n/a,New York,NY,08/11/2016,,,,Total State Votes:,,,"7,721,442",,
601,n/a,New York,NY,08/11/2016,,,,,,,,,
602,P80001571,North Carolina,NC,08/11/2016,Donald J.,Trump,"Trump, Donald J.",,REP,"2,362,631",,49.83%,W
603,P00003392,North Carolina,NC,08/11/2016,Hillary,Clinton,"Clinton, Hillary",,DEM,"2,189,316",,46.17%,
604,P20002671,North Carolina,NC,08/11/2016,Gary,Johnson,"Johnson, Gary",,LIB,"130,126",,2.74%,
605,n/a,North Carolina,NC,08/11/2016,,Scattered,Scattered,,W,"47,386",,1.00%,
606,P20003984,North Carolina,NC,08/11/2016,Jill,Stein,"Stein, Jill",,W,"12,105",,0.26%,
607,n/a,North Carolina,NC,08/11/2016,,,,Total State Votes:,,,"4,741,564",,
608,n/a,North Carolina,NC,08/11/2016,,,,,,,,,
609,P80001571,North Dakota,ND,08/11/2016,Donald J.,Trump,"Trump, Donald J.",,REP,"216,794",,62.96%,W
610,P00003392,North Dakota,ND,08/11/2016,Hillary,Clinton,"Clinton, Hillary",,DNL,"93,758",,27.23%,
611,P20002671,North Dakota,ND,08/11/2016,Gary,Johnson,"Johnson, Gary",,LIB,"21,434",,6.22%,
612,n/a,North Dakota,ND,08/11/2016,,Scattered,Scattered,,W,"6,397",,1.86%,
613,P20003984,North Dakota,ND,08/11/2016,Jill,Stein,"Stein, Jill",,GRE,"3,780",,1.10%,
614,P60021102,North Dakota,ND,08/11/2016,Darrell,Castle,"Castle, Darrell",,CON,"1,833",,0.53%,
615,P60016342,North Dakota,ND,08/11/2016,Rocky Roque,De La Fuente,"De La Fuente, Rocky Roque",,ADP,364,,0.11%,
616,n/a,North Dakota,ND,08/11/2016,,,,Total State Votes:,,,"344,360",,
617,n/a,North Dakota,ND,08/11/2016,,,,,,,,,
618,P80001571,Ohio,OH,08/11/2016,Donald J.,Trump,"Trump, Donald J.",,REP,"2,841,005",,51.69%,W
619,P00003392,Ohio,OH,08/11/2016,Hillary,Clinton,"Clinton, Hillary",,DEM,"2,394,164",,43.56%,
620,P20002671,Ohio,OH,08/11/2016,Gary ,Johnson,"Johnson, Gary ",,N,"174,498",,3.17%,
621,P20003984,Ohio,OH,08/11/2016,Jill,Stein,"Stein, Jill",,GRE,"46,271",,0.84%,
622,n/a,Ohio,OH,08/11/2016,Richard,Duncan,"Duncan, Richard",,N,"24,235",,0.44%,
623,P60022654,Ohio,OH,08/11/2016,Evan,McMullin,"McMullin, Evan",,W,"12,574",,0.23%,
624,P60021102,Ohio,OH,08/11/2016,Darrell L.,Castle,"Castle, Darrell L.",,W,"1,887",,0.03%,
625,n/a,Ohio,OH,08/11/2016,Ben ,Hartnell,"Hartnell, Ben ",,W,589,,0.01%,
626,P60022787,Ohio,OH,08/11/2016,Michael Andrew,Maturen,"Maturen, Michael Andrew",,W,552,,0.01%,
627,P20005260,Ohio,OH,08/11/2016,Tom ,Hoefling,"Hoefling, Tom ",,W,268,,0.00%,
628,P60009917,Ohio,OH,08/11/2016,Chris,Keniston,"Keniston, Chris",,W,114,,0.00%,
629,P20004511,Ohio,OH,08/11/2016,Laurence,Kotlikoff,"Kotlikoff, Laurence",,W,90,,0.00%,
630,P00003962,Ohio,OH,08/11/2016,Joe  ,Schriner,"Schriner, Joe  ",,W,62,,0.00%,
631,P60016623,Ohio,OH,08/11/2016,Mike,Smith,"Smith, Mike",,W,62,,0.00%,
632,n/a,Ohio,OH,08/11/2016,Josiah R.,Stroh,"Stroh, Josiah R.",,W,30,,0.00%,
633,P60004405,Ohio,OH,08/11/2016,Monica,Moorehead,"Moorehead, Monica",,W,19,,0.00%,
634,P60018249,Ohio,OH,08/11/2016,Joseph,Maldonado,"Maldonado, Joseph",,W,18,,0.00%,
635,n/a,Ohio,OH,08/11/2016,Barry ,Kirschner,"Kirschner, Barry ",,W,15,,0.00%,
636,P60007523,Ohio,OH,08/11/2016,James Jerome ,Bell,"Bell, James Jerome ",,W,9,,0.00%,
637,n/a,Ohio,OH,08/11/2016,Bruce E. ,Jaynes,"Jaynes, Bruce E. ",,W,8,,0.00%,
638,P00004861,Ohio,OH,08/11/2016,Michael ,Bickelmeyer,"Bickelmeyer, Michael ",,W,6,,0.00%,
639,P60021656,Ohio,OH,08/11/2016,Douglas W.,Thomson,"Thomson, Douglas W.",,W,6,,0.00%,
640,P60005303,Ohio,OH,08/11/2016,Cherunda,Fox,"Fox, Cherunda",,W,5,,0.00%,
641,n/a,Ohio,OH,08/11/2016,,,,Total State Votes:,,,"5,496,487",,
642,n/a,Ohio,OH,08/11/2016,,,,,,,,,
643,P80001571,Oklahoma,OK,08/11/2016,Donald J.,Trump,"Trump, Donald J.",,REP,"949,136",,65.32%,W
644,P00003392,Oklahoma,OK,08/11/2016,Hillary,Clinton,"Clinton, Hillary",,DEM,"420,375",,28.93%,
645,P20002671,Oklahoma,OK,08/11/2016,Gary,Johnson,"Johnson, Gary",,LIB,"83,481",,5.75%,
646,n/a,Oklahoma,OK,08/11/2016,,,,Total State Votes:,,,"1,452,992",,
647,n/a,Oklahoma,OK,08/11/2016,,,,,,,,,
648,P00003392,Oregon,OR,08/11/2016,Hillary,Clinton,"Clinton, Hillary",,DEM,"1,002,106",,50.07%,W
649,P80001571,Oregon,OR,08/11/2016,Donald J.,Trump,"Trump, Donald J.",,REP,"782,403",,39.09%,
650,P20002671,Oregon,OR,08/11/2016,Gary,Johnson,"Johnson, Gary",,LIB,"94,231",,4.71%,
651,n/a,Oregon,OR,08/11/2016,,Miscellaneous,Miscellaneous,,W,"72,594",,3.63%,
652,P20003984,Oregon,OR,08/11/2016,Jill,Stein,"Stein, Jill",,PG/PRO,"50,002",,2.50%,
653,n/a,Oregon,OR,08/11/2016,,,,Total State Votes:,,,"2,001,336",,
654,n/a,Oregon,OR,08/11/2016,,,,,,,,,
655,P80001571,Pennsylvania,PA,08/11/2016,Donald J.,Trump,"Trump, Donald J.",,REP,"2,970,733",,48.18%,W
656,P00003392,Pennsylvania,PA,08/11/2016,Hillary,Clinton,"Clinton, Hillary",,DEM,"2,926,441",,47.46%,
657,P20002671,Pennsylvania,PA,08/11/2016,Gary E.,Johnson,"Johnson, Gary E.",,LIB,"146,715",,2.38%,
658,P20003984,Pennsylvania,PA,08/11/2016,Jill,Stein,"Stein, Jill",,GRE,"49,941",,0.81%,
659,n/a,Pennsylvania,PA,08/11/2016,,Scattered,Scattered,,W,"37,239",,0.60%,
660,P60021102,Pennsylvania,PA,08/11/2016,Darrell L.,Castle,"Castle, Darrell L.",,CON,"21,572",,0.35%,
661,P60022654,Pennsylvania,PA,08/11/2016,Evan,McMullin,"McMullin, Evan",,W,"6,472",,0.10%,
662,P60007168,Pennsylvania,PA,08/11/2016,Bernie,Sanders,"Sanders, Bernie",,W,"6,060",,0.10%,
663,P60003670,Pennsylvania,PA,08/11/2016,John,Kasich,"Kasich, John",,W,302,,0.00%,
664,P60005808,Pennsylvania,PA,08/11/2016,Lynn,Kahn,"Kahn, Lynn",,W,3,,0.00%,
665,n/a,Pennsylvania,PA,08/11/2016,,,,Total State Votes:,,,"6,165,478",,
666,n/a,Pennsylvania,PA,08/11/2016,,,,,,,,,
667,P00003392,Rhode Island,RI,08/11/2016,Hillary,Clinton,"Clinton, Hillary",,DEM,"252,525",,54.41%,W
668,P80001571,Rhode Island,RI,08/11/2016,Donald J.,Trump,"Trump, Donald J.",,REP,"180,543",,38.90%,
669,P20002671,Rhode Island,RI,08/11/2016,Gary,Johnson,"Johnson, Gary",,LIB,"14,746",,3.18%,
670,P20003984,Rhode Island,RI,08/11/2016,Jill,Stein,"Stein, Jill",,GRE,"6,220",,1.34%,
671,P60007168,Rhode Island,RI,08/11/2016,Bernie,Sanders,"Sanders, Bernie",,W,"3,497",,0.75%,
672,n/a,Rhode Island,RI,08/11/2016,,Scattered,Scattered,,W,"2,121",,0.46%,
673,P60022654,Rhode Island,RI,08/11/2016,Evan,McMullin,"McMullin, Evan",,W,773,,0.17%,
674,P60003670,Rhode Island,RI,08/11/2016,John,Kasich,"Kasich, John",,W,695,,0.15%,
675,P60016342,Rhode Island,RI,08/11/2016,"""Rocky"" Roque",De La Fuente,"De La Fuente, ""Rocky"" Roque",,ADP,671,,0.14%,
676,n/a,Rhode Island,RI,08/11/2016,Michael,Pence,"Pence, Michael",,W,291,,0.06%,
677,P80003353,Rhode Island,RI,08/11/2016,Mitt,Romney,"Romney, Mitt",,W,273,,0.06%,
678,n/a,Rhode Island,RI,08/11/2016,Paul,Ryan,"Ryan, Paul",,W,249,,0.05%,
679,P80000722,Rhode Island,RI,08/11/2016,Joe (Joseph),Biden,"Biden, Joe (Joseph)",,W,160,,0.03%,
680,P80002801,Rhode Island,RI,08/11/2016,John,McCain,"McCain, John",,W,124,,0.03%,
681,P60006723,Rhode Island,RI,08/11/2016,Marco,Rubio,"Rubio, Marco",,W,99,,0.02%,
682,n/a,Rhode Island,RI,08/11/2016,Tom (Thomas),Brady,"Brady, Tom (Thomas)",,W,86,,0.02%,
683,n/a,Rhode Island,RI,08/11/2016,Mickey,Mouse,"Mouse, Mickey",,W,79,,0.02%,
684,P60008059,Rhode Island,RI,08/11/2016,Jeb,Bush,"Bush, Jeb",,W,71,,0.02%,
685,n/a,Rhode Island,RI,08/11/2016,Jesus,"""Christ""","""Christ,"" Jesus ",,W,70,,0.02%,
686,n/a,Rhode Island,RI,08/11/2016,,None of the above,None of the above,,W,70,,0.02%,
687,P60005915,Rhode Island,RI,08/11/2016,Ben,Carson,"Carson, Ben",,W,66,,0.01%,
688,P60021102,Rhode Island,RI,08/11/2016,Darrell,Castle,"Castle, Darrell",,W,52,,0.01%,
689,P60006111,Rhode Island,RI,08/11/2016,Ted (Senator),Cruz,"Cruz, Ted (Senator)",,W,46,,0.01%,
690,n/a,Rhode Island,RI,08/11/2016,Colin,Powell,"Powell, Colin",,W,41,,0.01%,
691,P60022787,Rhode Island,RI,08/11/2016,,Michael Maturen - American Solidarity Party,"Maturen, Michael - American Solidarity Party",,W,34,,0.01%,
692,n/a,Rhode Island,RI,08/11/2016,Michelle,Obama,"Obama, Michelle",,W,34,,0.01%,
693,P80004740,Rhode Island,RI,08/11/2016,Michael,Bloomberg,"Bloomberg, Michael",,W,32,,0.01%,
694,n/a,Rhode Island,RI,08/11/2016,Condoleeza,Rice,"Rice, Condoleeza",,W,26,,0.01%,
695,n/a,Rhode Island,RI,08/11/2016,,God (Almighty),God (Almighty),,W,20,,0.00%,
696,n/a,Rhode Island,RI,08/11/2016,Bill (William),Belichek,"Belichek, Bill (William)",,W,19,,0.00%,
697,n/a,Rhode Island,RI,08/11/2016,Todd,Chrisley,"Chrisley, Todd",,W,19,,0.00%,
698,n/a,Rhode Island,RI,08/11/2016,,None,None,,W,19,,0.00%,
699,n/a,Rhode Island,RI,08/11/2016,Ted,Cohen,"Cohen, Ted",,W,18,,0.00%,
700,n/a,Rhode Island,RI,08/11/2016,Donald,Duck,"Duck, Donald",,W,18,,0.00%,
701,P40003576,Rhode Island,RI,08/11/2016,Rand,Paul,"Paul, Rand",,W,18,,0.00%,
702,n/a,Rhode Island,RI,08/11/2016,Vermin,Supreme,"Supreme, Vermin",,W,17,,0.00%,
703,n/a,Rhode Island,RI,08/11/2016,,Harambe,Harambe,,W,15,,0.00%,
704,n/a,Rhode Island,RI,08/11/2016,,No Confidence,No Confidence,,W,15,,0.00%,
705,n/a,Rhode Island,RI,08/11/2016,Abe (Abraham),Lincoln,"Lincoln, Abe (Abraham)",,W,13,,0.00%,
706,P80003338,Rhode Island,RI,08/11/2016,Barack,Obama,"Obama, Barack",,W,13,,0.00%,
707,P60007242,Rhode Island,RI,08/11/2016,Carly,Fiorina,"Fiorina, Carly",,W,12,,0.00%,
708,P60012796,Rhode Island,RI,08/11/2016,Elizabeth,Warren,"Warren, Elizabeth",,W,12,,0.00%,
709,P60008521,Rhode Island,RI,08/11/2016,Chris,Christie,"Christie, Chris",,W,11,,0.00%,
710,P80000748,Rhode Island,RI,08/11/2016,Ron,Paul,"Paul, Ron",,W,11,,0.00%,
711,P80003478,Rhode Island,RI,08/11/2016,Mike,Huckabee,"Huckabee, Mike",,W,9,,0.00%,
712,P60008075,Rhode Island,RI,08/11/2016,Lincoln,Chaffee,"Chaffee, Lincoln",,W,8,,0.00%,
713,n/a,Rhode Island,RI,08/11/2016,Matt,Fecteau,"Fecteau, Matt",,W,8,,0.00%,
714,n/a,Rhode Island,RI,08/11/2016,Trey,Gowdy,"Gowdy, Trey",,W,8,,0.00%,
715,P80005572,Rhode Island,RI,08/11/2016,Gloria,LaRiva,"LaRiva, Gloria",,W,8,,0.00%,
716,n/a,Rhode Island,RI,08/11/2016,Alfred E.,Neuman,"Neuman, Alfred E.",,W,8,,0.00%,
717,n/a,Rhode Island,RI,08/11/2016,,No one,No one,,W,8,,0.00%,
718,n/a,Rhode Island,RI,08/11/2016,Jesse,Ventura,"Ventura, Jesse",,W,8,,0.00%,
719,n/a,Rhode Island,RI,08/11/2016,,Anyone Else,Anyone Else,,W,7,,0.00%,
720,n/a,Rhode Island,RI,08/11/2016,Jimmy,Buffett,"Buffett, Jimmy",,W,7,,0.00%,
721,P20005260,Rhode Island,RI,08/11/2016,Tom,Hoefling,"Hoefling, Tom",,W,7,,0.00%,
722,n/a,Rhode Island,RI,08/11/2016,Tim,Kaine,"Kaine, Tim",,W,7,,0.00%,
723,n/a,Rhode Island,RI,08/11/2016,,Pope Francis,Pope Francis,,W,7,,0.00%,
724,P60008885,Rhode Island,RI,08/11/2016,James (Jim),Webb,"Webb, James (Jim)",,W,7,,0.00%,
725,,Rhode Island,RI,08/11/2016,Roger,Williams,"Williams, Roger",,W,7,,0.00%,
726,P60009917,Rhode Island,RI,08/11/2016,Chris,Kenniston,"Kenniston, Chris",,W,6,,0.00%,
727,n/a,Rhode Island,RI,08/11/2016,,Me,Me,,W,6,,0.00%,
728,n/a,Rhode Island,RI,08/11/2016,,N/A,N/A,,W,6,,0.00%,
729,n/a,Rhode Island,RI,08/11/2016,David,Norton,"Norton, David",,W,6,,0.00%,
730,P60009198,Rhode Island,RI,08/11/2016,Deez,Nutz,"Nutz, Deez",,W,6,,0.00%,
731,n/a,Rhode Island,RI,08/11/2016,Theodore,Roosevelt,"Roosevelt, Theodore",,W,6,,0.00%,
732,n/a,Rhode Island,RI,08/11/2016,,Abstain,Abstain,,W,5,,0.00%,
733,n/a,Rhode Island,RI,08/11/2016,Warren,Buffet,"Buffet, Warren",,W,5,,0.00%,
734,n/a,Rhode Island,RI,08/11/2016,Alice,Cooper,"Cooper, Alice",,W,5,,0.00%,
735,n/a,Rhode Island,RI,08/11/2016,,God Help Us,God Help Us,,W,5,,0.00%,
736,n/a,Rhode Island,RI,08/11/2016,"Robert (Bob) ""Cool Moose""",Healey,"Healey, Robert (Bob) ""Cool Moose""",,W,5,,0.00%,
737,n/a,Rhode Island,RI,08/11/2016,Bill,Murray,"Murray, Bill",,W,5,,0.00%,
738,n/a,Rhode Island,RI,08/11/2016,Ronald,Reagan,"Reagan, Ronald",,W,5,,0.00%,
739,n/a,Rhode Island,RI,08/11/2016,Jack,Reed,"Reed, Jack",,W,5,,0.00%,
740,n/a,Rhode Island,RI,08/11/2016,,Unity Love Harmony,Unity Love Harmony,,W,5,,0.00%,
741,n/a,Rhode Island,RI,08/11/2016,George,Washington,"Washington, George",,W,5,,0.00%,
742,n/a,Rhode Island,RI,08/11/2016,,,,Total State Votes:,,,"464,144",,
743,n/a,Rhode Island,RI,08/11/2016,,,,,,,,,
744,P80001571,South Carolina,SC,08/11/2016,Donald J.,Trump,"Trump, Donald J.",,REP,"1,155,389",,54.94%,W
745,P00003392,South Carolina,SC,08/11/2016,Hillary Rodham,Clinton,"Clinton, Hillary Rodham",,DEM,"855,373",,40.67%,
746,P20002671,South Carolina,SC,08/11/2016,Gary,Johnson,"Johnson, Gary",,LIB,"49,204",,2.34%,
747,P60022654,South Carolina,SC,08/11/2016,Evan,McMullin,"McMullin, Evan",,IDP,"21,016",,1.00%,
748,P20003984,South Carolina,SC,08/11/2016,Jill,Stein,"Stein, Jill",,GRE,"13,034",,0.62%,
749,P60021102,South Carolina,SC,08/11/2016,Darrell,Castle,"Castle, Darrell",,CON,"5,765",,0.27%,
750,P60012960,South Carolina,SC,08/11/2016,Peter,Skewes,"Skewes, Peter",,AM,"3,246",,0.15%,
751,n/a,South Carolina,SC,08/11/2016,,,,Total State Votes:,,,"2,103,027",,
752,n/a,South Carolina,SC,08/11/2016,,,,,,,,,
753,P80001571,South Dakota,SD,08/11/2016,Donald J.,Trump,"Trump, Donald J.",,REP,"227,721",,61.53%,W
754,P00003392,South Dakota,SD,08/11/2016,Hillary,Clinton,"Clinton, Hillary",,DEM,"117,458",,31.74%,
755,P20002671,South Dakota,SD,08/11/2016,Gary,Johnson,"Johnson, Gary",,LIB,"20,850",,5.63%,
756,P60021102,South Dakota,SD,08/11/2016,Darrell L.,Castle,"Castle, Darrell L.",,CON,"4,064",,1.10%,
757,n/a,South Dakota,SD,08/11/2016,,,,Total State Votes:,,,"370,093",,
758,n/a,South Dakota,SD,08/11/2016,,,,,,,,,
759,P80001571,Tennessee,TN,08/11/2016,Donald J.,Trump,"Trump, Donald J.",,REP,"1,522,925",,60.72%,W
760,P00003392,Tennessee,TN,08/11/2016,Hillary,Clinton,"Clinton, Hillary",,DEM,"870,695",,34.72%,
761,P20002671,Tennessee,TN,08/11/2016,Gary,Johnson,"Johnson, Gary",,IND,"70,397",,2.81%,
762,P20003984,Tennessee,TN,08/11/2016,Jill,Stein,"Stein, Jill",,IND,"15,993",,0.64%,
763,P60022654,Tennessee,TN,08/11/2016,Evan,McMullin,"McMullin, Evan",,W,"11,991",,0.48%,
764,P60016623,Tennessee,TN,08/11/2016,Mike,Smith,"Smith, Mike",,IND,"7,276",,0.29%,
765,P60016342,Tennessee,TN,08/11/2016,"""Rocky"" Roque",De La Fuente,"De La Fuente, ""Rocky"" Roque",,IND,"4,075",,0.16%,
766,P80005473,Tennessee,TN,08/11/2016,Alyson,Kennedy,"Kennedy, Alyson",,IND,"2,877",,0.11%,
767,P60021102,Tennessee,TN,08/11/2016,Darrell L.,Castle,"Castle, Darrell L.",,W,"1,584",,0.06%,
768,P20005260,Tennessee,TN,08/11/2016,Tom ,Hoefling,"Hoefling, Tom ",,W,132,,0.01%,
769,n/a,Tennessee,TN,08/11/2016,David,Limbaugh,"Limbaugh, David",,W,53,,0.00%,
770,P20004511,Tennessee,TN,08/11/2016,Laurence,Kotlikoff,"Kotlikoff, Laurence",,W,20,,0.00%,
771,P60005303,Tennessee,TN,08/11/2016,Cherunda,Fox,"Fox, Cherunda",,W,6,,0.00%,
772,n/a,Tennessee,TN,08/11/2016,Marshall,Schoenke,"Schoenke, Marshall",,W,3,,0.00%,
773,n/a,Tennessee,TN,08/11/2016,,,,Total State Votes:,,,"2,508,027",,
774,n/a,Tennessee,TN,08/11/2016,,,,,,,,,
775,P80001571,Texas,TX,08/11/2016,Donald J.,Trump,"Trump, Donald J.",,REP,"4,685,047",,52.23%,W
776,P00003392,Texas,TX,08/11/2016,Hillary,Clinton,"Clinton, Hillary",,DEM,"3,877,868",,43.24%,
777,P20002671,Texas,TX,08/11/2016,Gary,Johnson,"Johnson, Gary",,LIB,"283,492",,3.16%,
778,P20003984,Texas,TX,08/11/2016,Jill,Stein,"Stein, Jill",,GRE,"71,558",,0.80%,
779,P60022654,Texas,TX,08/11/2016,Evan,McMullin,"McMullin, Evan",,W,"42,366",,0.47%,
780,P60021102,Texas,TX,08/11/2016,Darrell L.,Castle,"Castle, Darrell L.",,W,"4,261",,0.05%,
781,P60022787,Texas,TX,08/11/2016,Michael A.,Maturen,"Maturen, Michael A.",,W,"1,401",,0.02%,
782,P20004511,Texas,TX,08/11/2016,Laurence,Kotlikoff,"Kotlikoff, Laurence",,W,"1,037",,0.01%,
783,P20005260,Texas,TX,08/11/2016,Tom ,Hoefling,"Hoefling, Tom ",,W,932,,0.01%,
784,n/a,Texas,TX,08/11/2016,Tony,Valdivia,"Valdivia, Tony",,W,428,,0.00%,
785,P60023207,Texas,TX,08/11/2016,Scott,Cubbler,"Cubbler, Scott",,W,314,,0.00%,
786,n/a,Texas,TX,08/11/2016,Robert,Morrow,"Morrow, Robert",,W,145,,0.00%,
787,P60004405,Texas,TX,08/11/2016,Monica ,Moorehead,"Moorehead, Monica ",,W,122,,0.00%,
788,P60018017,Texas,TX,08/11/2016,Emidio,Soltysik,"Soltysik, Emidio",,W,72,,0.00%,
789,n/a,Texas,TX,08/11/2016,Dale,Steffes,"Steffes, Dale",,W,71,,0.00%,
790,n/a,Texas,TX,08/11/2016,Jonathan,Lee,"Lee, Jonathan",,W,67,,0.00%,
791,P60005303,Texas,TX,08/11/2016,Cherunda,Fox,"Fox, Cherunda",,W,45,,0.00%,
792,n/a,Texas,TX,08/11/2016,,,,Total State Votes:,,,"8,969,226",,
793,n/a,Texas,TX,08/11/2016,,,,,,,,,
794,P80001571,Utah,UT,08/11/2016,Donald J.,Trump,"Trump, Donald J.",,REP,"515,231",,45.54%,W
795,P00003392,Utah,UT,08/11/2016,Hillary Rodham,Clinton,"Clinton, Hillary Rodham",,DEM,"310,676",,27.46%,
796,P60022654,Utah,UT,08/11/2016,Evan,McMullin,"McMullin, Evan",,UN,"243,690",,21.54%,
797,P20002671,Utah,UT,08/11/2016,Gary,Johnson,"Johnson, Gary",,LIB,"39,608",,3.50%,
798,P20003984,Utah,UT,08/11/2016,Jill,Stein,"Stein, Jill",,UN,"9,438",,0.83%,
799,P60021102,Utah,UT,08/11/2016,Darrell L.,Castle,"Castle, Darrell L.",,CON,"8,032",,0.71%,
800,P60009875,Utah,UT,08/11/2016,Rocky,Giordani,"Giordani, Rocky",,IAP,"2,752",,0.24%,
801,P60016342,Utah,UT,08/11/2016,"""Rocky"" Roque",de la Fuente,"de la Fuente, ""Rocky"" Roque",,UN,883,,0.08%,
802,P60004405,Utah,UT,08/11/2016,Monica ,Moorehead,"Moorehead, Monica ",,UN,544,,0.05%,
803,P80005473,Utah,UT,08/11/2016,Alyson,Kennedy,"Kennedy, Alyson",,UN,521,,0.05%,
804,P60016623,Utah,UT,08/11/2016,Mike ,Smith,"Smith, Mike ",,W,19,,0.00%,
805,P60009602,Utah,UT,08/11/2016,Dustin,Baird,"Baird, Dustin",,W,9,,0.00%,
806,P20004511,Utah,UT,08/11/2016,Laurence,Kotlikoff,"Kotlikoff, Laurence",,W,9,,0.00%,
807,P20005260,Utah,UT,08/11/2016,Tom ,Hoefling,"Hoefling, Tom ",,W,6,,0.00%,
808,P60015351,Utah,UT,08/11/2016,Andrew D. ,Basiago,"Basiago, Andrew D. ",,W,4,,0.00%,
809,P60018017,Utah,UT,08/11/2016,Emidio,Soltysik,"Soltysik, Emidio",,W,4,,0.00%,
810,P60020757,Utah,UT,08/11/2016,Robert L.,Buchanan,"Buchanan, Robert L.",,W,1,,0.00%,
811,n/a,Utah,UT,08/11/2016,Jamin,Burton,"Burton, Jamin",,W,1,,0.00%,
812,P20002630,Utah,UT,08/11/2016,"Sheila ""Samm""",Tittle,"Tittle, Sheila ""Samm""",,W,1,,0.00%,
813,n/a,Utah,UT,08/11/2016,Tony,Valdivia,"Valdivia, Tony",,W,1,,0.00%,
814,n/a,Utah,UT,08/11/2016,,,,Total State Votes:,,,"1,131,430",,
815,n/a,Utah,UT,08/11/2016,,,,,,,,,
816,P00003392,Vermont,VT,08/11/2016,Hillary,Clinton,"Clinton, Hillary",,DEM,"178,573",,56.68%,W
817,P80001571,Vermont,VT,08/11/2016,Donald J.,Trump,"Trump, Donald J.",,REP,"95,369",,30.27%,
818,P60007168,Vermont,VT,08/11/2016,Bernie,Sanders,"Sanders, Bernie",,W,"18,218",,5.78%,
819,P20002671,Vermont,VT,08/11/2016,Gary,Johnson,"Johnson, Gary",,LIB,"10,078",,3.20%,
820,P20003984,Vermont,VT,08/11/2016,Jill,Stein,"Stein, Jill",,GRE,"6,758",,2.14%,
821,n/a,Vermont,VT,08/11/2016,,Scattered,Scattered,,W,"1,478",,0.47%,
822,P60016342,Vermont,VT,08/11/2016,Rocky ,De La Fuente,"De La Fuente, Rocky ",,IND,"1,063",,0.34%,
823,P60003670,Vermont,VT,08/11/2016,John,Kasich,"Kasich, John",,W,827,,0.26%,
824,P60022654,Vermont,VT,08/11/2016,Evan,McMullin,"McMullin, Evan",,W,640,,0.20%,
825,P80005572,Vermont,VT,08/11/2016,Gloria,La Riva,"La Riva, Gloria",,LBU,327,,0.10%,
826,n/a,Vermont,VT,08/11/2016,Michael R.,Pence,"Pence, Michael R.",,W,298,,0.09%,
827,n/a,Vermont,VT,08/11/2016,,No Name,No Name,,W,255,,0.08%,
828,n/a,Vermont,VT,08/11/2016,Paul,Ryan,"Ryan, Paul",,W,208,,0.07%,
829,P80003353,Vermont,VT,08/11/2016,Mitt,Romney,"Romney, Mitt",,W,120,,0.04%,
830,P60006723,Vermont,VT,08/11/2016,Marco,Rubio,"Rubio, Marco",,W,93,,0.03%,
831,P60008059,Vermont,VT,08/11/2016,Jeb,Bush,"Bush, Jeb",,W,79,,0.03%,
832,P80002801,Vermont,VT,08/11/2016,John,McCain,"McCain, John",,W,76,,0.02%,
833,n/a,Vermont,VT,08/11/2016,Jim,Douglas,"Douglas, Jim",,W,75,,0.02%,
834,P60021102,Vermont,VT,08/11/2016,Darryll,Castle,"Castle, Darryll",,W,63,,0.02%,
835,P60006111,Vermont,VT,08/11/2016,Ted,Cruz,"Cruz, Ted",,W,63,,0.02%,
836,P60005915,Vermont,VT,08/11/2016,Ben,Carson,"Carson, Ben",,W,61,,0.02%,
837,P80000722,Vermont,VT,08/11/2016,Joe,Biden,"Biden, Joe",,W,57,,0.02%,
838,P40003576,Vermont,VT,08/11/2016,Rand,Paul,"Paul, Rand",,W,26,,0.01%,
839,P80000748,Vermont,VT,08/11/2016,Ron,Paul,"Paul, Ron",,W,25,,0.01%,
840,n/a,Vermont,VT,08/11/2016,Colin,Powell,"Powell, Colin",,W,25,,0.01%,
841,P80004740,Vermont,VT,08/11/2016,Michael,Bloomberg,"Bloomberg, Michael",,W,22,,0.01%,
842,n/a,Vermont,VT,08/11/2016,Condoleeza,Rice,"Rice, Condoleeza",,W,18,,0.01%,
843,n/a,Vermont,VT,08/11/2016,Tulsi,Gabard,"Gabard, Tulsi",,W,17,,0.01%,
844,n/a,Vermont,VT,08/11/2016,Michelle,Obama,"Obama, Michelle",,W,15,,0.00%,
845,P60022787,Vermont,VT,08/11/2016,Michael,Maturen,"Maturen, Michael",,W,14,,0.00%,
846,P60012796,Vermont,VT,08/11/2016,Elizabeth,Warren,"Warren, Elizabeth",,W,13,,0.00%,
847,n/a,Vermont,VT,08/11/2016,Theo,Epstein,"Epstein, Theo",,W,11,,0.00%,
848,P60007242,Vermont,VT,08/11/2016,Carly,Fiorina,"Fiorina, Carly",,W,11,,0.00%,
849,P80003478,Vermont,VT,08/11/2016,Mike,Huckabee,"Huckabee, Mike",,W,11,,0.00%,
850,n/a,Vermont,VT,08/11/2016,Vermin,Supreme,"Supreme, Vermin",,W,10,,0.00%,
851,n/a,Vermont,VT,08/11/2016,Tom,Brady,"Brady, Tom",,W,9,,0.00%,
852,P80003338,Vermont,VT,08/11/2016,Barack,Obama,"Obama, Barack",,W,8,,0.00%,
853,n/a,Vermont,VT,08/11/2016,David ,Ortiz,"Ortiz, David ",,W,8,,0.00%,
854,n/a,Vermont,VT,08/11/2016,Bill,Belichek,"Belichek, Bill",,W,7,,0.00%,
855,n/a,Vermont,VT,08/11/2016,Patrick,Leahy,"Leahy, Patrick",,W,7,,0.00%,
856,P20000527,Vermont,VT,08/11/2016,Ralph,Nader,"Nader, Ralph",,W,7,,0.00%,
857,n/a,Vermont,VT,08/11/2016,Fred,Tuttle,"Tuttle, Fred",,W,6,,0.00%,
858,n/a,Vermont,VT,08/11/2016,William,Weld,"Weld, William",,W,5,,0.00%,
859,P60009917,Vermont,VT,08/11/2016,Chris,Keniston,"Keniston, Chris",,W,3,,0.00%,
860,P20004511,Vermont,VT,08/11/2016,Lawrence,Kotlikoff,"Kotlikoff, Lawrence",,W,3,,0.00%,
861,P80005473,Vermont,VT,08/11/2016,Alyson Kennedy,Osborne,"Osborne, Alyson Kennedy",,W,2,,0.00%,
862,P60018017,Vermont,VT,08/11/2016,Emilio,Soltysik,"Soltysik, Emilio",,W,2,,0.00%,
863,P20004677,Vermont,VT,08/11/2016,Jerry,White,"White, Jerry",,W,2,,0.00%,
864,P60016623,Vermont,VT,08/11/2016,Mike,Smith,"Smith, Mike",,W,1,,0.00%,
865,n/a,Vermont,VT,08/11/2016,,,,Total State Votes:,,,"315,067",,
866,n/a,Vermont,VT,08/11/2016,,,,,,,,,
867,n/a,Vermont,VT,08/11/2016,,,,,,,,,
868,n/a,Vermont,VT,08/11/2016,,,,,,,,,
869,P00003392,Virginia,VA,08/11/2016,Hillary R.,Clinton,"Clinton, Hillary R.",,DEM,"1,981,473",,49.73%,W
870,P80001571,Virginia,VA,08/11/2016,Donald J.,Trump,"Trump, Donald J.",,REP,"1,769,443",,44.41%,
871,P20002671,Virginia,VA,08/11/2016,Gary,Johnson,"Johnson, Gary",,LIB,"118,274",,2.97%,
872,P60022654,Virginia,VA,08/11/2016,Evan,McMullin,"McMullin, Evan",,IND,"54,054",,1.36%,
873,n/a,Virginia,VA,08/11/2016,,All Others,All Others,,W,"33,749",,0.85%,
874,P20003984,Virginia,VA,08/11/2016,Jill,Stein,"Stein, Jill",,GRE,"27,638",,0.69%,
875,n/a,Virginia,VA,08/11/2016,,,,Total State Votes:,,,"3,984,631",,
876,n/a,Virginia,VA,08/11/2016,,,,,,,,,
877,P00003392,Washington,WA,08/11/2016,Hillary,Clinton,"Clinton, Hillary",,DEM,"1,742,718",,52.54%,W
878,P80001571,Washington,WA,08/11/2016,Donald J.,Trump,"Trump, Donald J.",,REP,"1,221,747",,36.83%,
879,P20002671,Washington,WA,08/11/2016,Gary,Johnson,"Johnson, Gary",,LIB,"160,879",,4.85%,
880,n/a,Washington,WA,08/11/2016,,Scattered,Scattered,,W,"107,805",,3.25%,
881,P20003984,Washington,WA,08/11/2016,Jill,Stein,"Stein, Jill",,GRE,"58,417",,1.76%,
882,P60021102,Washington,WA,08/11/2016,Darrell L.,Castle,"Castle, Darrell L.",,CON,"17,623",,0.53%,
883,P80005473,Washington,WA,08/11/2016,Alyson,Kennedy,"Kennedy, Alyson",,SWP,"4,307",,0.13%,
884,P80005572,Washington,WA,08/11/2016,Gloria Estela,La Riva,"La Riva, Gloria Estela",,SLP,"3,523",,0.11%,
885,n/a,Washington,WA,08/11/2016,,,,Total State Votes:,,,"3,317,019",,
886,n/a,Washington,WA,08/11/2016,,,,,,,,,
887,P80001571,West Virginia,WV,08/11/2016,Donald J.,Trump,"Trump, Donald J.",,REP,"489,371",,68.50%,W
888,P00003392,West Virginia,WV,08/11/2016,Hillary,Clinton,"Clinton, Hillary",,DEM,"188,794",,26.43%,
889,P20002671,West Virginia,WV,08/11/2016,Gary,Johnson,"Johnson, Gary",,LIB,"23,004",,3.22%,
890,P20003984,West Virginia,WV,08/11/2016,Jill,Stein,"Stein, Jill",,MTP,"8,075",,1.13%,
891,P60021102,West Virginia,WV,08/11/2016,Darrell L.,Castle,"Castle, Darrell L.",,CON,"3,807",,0.53%,
892,P60022654,West Virginia,WV,08/11/2016,Evan,McMullin,"McMullin, Evan",,W,"1,104",,0.15%,
893,P60021185,West Virginia,WV,08/11/2016,Kevin,Moreau,"Moreau, Kevin",,W,216,,0.03%,
894,P60018769,West Virginia,WV,08/11/2016,William Roger,Smith,"Smith, William Roger",,W,13,,0.00%,
895,P20005260,West Virginia,WV,08/11/2016,Tom ,Hoefling,"Hoefling, Tom ",,W,10,,0.00%,
896,P60015351,West Virginia,WV,08/11/2016,Andrew D. ,Basiago,"Basiago, Andrew D. ",,W,4,,0.00%,
897,P20004511,West Virginia,WV,08/11/2016,Laurence,Kotlikoff,"Kotlikoff, Laurence",,W,4,,0.00%,
898,P60020757,West Virginia,WV,08/11/2016,Robert L.,Buchanan,"Buchanan, Robert L.",,W,3,,0.00%,
899,P60016342,West Virginia,WV,08/11/2016,Rocky ,De La Fuente,"De La Fuente, Rocky ",,W,3,,0.00%,
900,n/a,West Virginia,WV,08/11/2016,David ,Limbaugh,"Limbaugh, David ",,W,3,,0.00%,
901,P80005572,West Virginia,WV,08/11/2016,Gloria,Lariva,"Lariva, Gloria",,W,2,,0.00%,
902,P60004868,West Virginia,WV,08/11/2016,Darryl W.,Perry,"Perry, Darryl W.",,W,2,,0.00%,
903,P60016623,West Virginia,WV,08/11/2016,Mike,Smith,"Smith, Mike",,W,2,,0.00%,
904,P20004677,West Virginia,WV,08/11/2016,Jerry ,White,"White, Jerry ",,W,2,,0.00%,
905,n/a,West Virginia,WV,08/11/2016,Richard,Duncan,"Duncan, Richard",,W,1,,0.00%,
906,n/a,West Virginia,WV,08/11/2016,Ben ,Hartnell,"Hartnell, Ben ",,W,1,,0.00%,
907,P60018249,West Virginia,WV,08/11/2016,Joseph,Maldonado,"Maldonado, Joseph",,W,1,,0.00%,
908,n/a,West Virginia,WV,08/11/2016,Mitchell,Williams,"Williams, Mitchell",,W,1,,0.00%,
909,n/a,West Virginia,WV,08/11/2016,,,,Total State Votes:,,,"714,423",,
910,n/a,West Virginia,WV,08/11/2016,,,,,,,,,
911,P80001571,Wisconsin,WI,08/11/2016,Donald J.,Trump,"Trump, Donald J.",,REP,"1,405,284",,47.22%,W
912,P00003392,Wisconsin,WI,08/11/2016,Hillary,Clinton,"Clinton, Hillary",,DEM,"1,382,536",,46.45%,
913,P20002671,Wisconsin,WI,08/11/2016,Gary,Johnson,"Johnson, Gary",,LIB,"106,674",,3.58%,
914,n/a,Wisconsin,WI,08/11/2016,,Scattered,Scattered,,W,"22,764",,0.76%,
915,P60021102,Wisconsin,WI,08/11/2016,Darrell L.,Castle,"Castle, Darrell L.",,CON,"12,162",,0.41%,
916,P60022654,Wisconsin,WI,08/11/2016,Evan,McMullin,"McMullin, Evan",,W,"11,855",,0.40%,
917,P20003984,Wisconsin,WI,08/11/2016,Jill,Stein,"Stein, Jill",,WG,"31,072",,1.04%,
918,P60004405,Wisconsin,WI,08/11/2016,Monica,Moorehead,"Moorehead, Monica",,WW,"1,770",,0.06%,
919,P60016342,Wisconsin,WI,08/11/2016,Rocky Roque,De La Fuente,"De La Fuente, Rocky Roque",,ADP,"1,502",,0.05%,
920,P60022787,Wisconsin,WI,08/11/2016,Michael A.,Maturen,"Maturen, Michael A.",,W,284,,0.01%,
921,P20005260,Wisconsin,WI,08/11/2016,Tom ,Hoefling,"Hoefling, Tom ",,W,80,,0.00%,
922,P60009917,Wisconsin,WI,08/11/2016,Chris,Keniston,"Keniston, Chris",,W,67,,0.00%,
923,P60005303,Wisconsin,WI,08/11/2016,Cherunda,Fox,"Fox, Cherunda",,W,47,,0.00%,
924,P60018017,Wisconsin,WI,08/11/2016,Emidio,Soltysik,"Soltysik, Emidio",,W,33,,0.00%,
925,P20004511,Wisconsin,WI,08/11/2016,Laurence,Kotlikoff,"Kotlikoff, Laurence",,W,15,,0.00%,
926,P60018249,Wisconsin,WI,08/11/2016,Joseph,Maldonado,"Maldonado, Joseph",,W,4,,0.00%,
927,n/a,Wisconsin,WI,08/11/2016,Marshall,Schoenke,"Schoenke, Marshall",,W,1,,0.00%,
928,n/a,Wisconsin,WI,08/11/2016,,,,Total State Votes:,,,"2,976,150",,
929,n/a,Wisconsin,WI,08/11/2016,,,,,,,,,
930,P80001571,Wyoming,WY,08/11/2016,Donald J.,Trump,"Trump, Donald J.",,REP,"174,419",,68.17%,W
931,P00003392,Wyoming,WY,08/11/2016,Hillary,Clinton,"Clinton, Hillary",,DEM,"55,973",,21.88%,
932,P20002671,Wyoming,WY,08/11/2016,Gary,Johnson,"Johnson, Gary",,LIB,"13,287",,5.19%,
933,n/a,Wyoming,WY,08/11/2016,,Scattered,Scattered,,W,"6,904",,2.70%,
934,P20003984,Wyoming,WY,08/11/2016,Jill,Stein,"Stein, Jill",,IND,"2,515",,0.98%,
935,P60021102,Wyoming,WY,08/11/2016,Darrell,Castle,"Castle, Darrell",,CON,"2,042",,0.80%,
936,P60016342,Wyoming,WY,08/11/2016,"""Rocky"" Roque",De La Fuente,"De La Fuente, ""Rocky"" Roque",,IND,709,,0.28%,
937,n/a,Wyoming,WY,08/11/2016,,,,Total State Votes:,,,"255,849",,
938,n/a,Wyoming,WY,08/11/2016,,,,,,,,,
